"date","close","volume","open","high","low"

"2016/09/23","0.0600","0.0000","0.0600","0.0600","0.0600"
"2016/09/22","0.0600","0.0000","0.0600","0.0600","0.0600"
"2016/09/21","0.0600","0.0000","0.0600","0.0600","0.0600"
"2016/09/20","0.0600","0.0000","0.0600","0.0600","0.0600"
"2016/09/19","0.0600","0.0000","0.0600","0.0600","0.0600"
"2016/09/16","0.0600","0.0000","0.0600","0.0600","0.0600"
"2016/09/15","0.0600","1250.0000","0.0600","0.0600","0.0600"
"2016/09/14","0.0658","400.0000","0.0658","0.0658","0.0658"
"2016/09/13","0.0600","0.0000","0.0600","0.0600","0.0600"
"2016/09/12","0.0600","0.0000","0.0600","0.0600","0.0600"
"2016/09/09","0.0600","0.0000","0.0600","0.0600","0.0600"
"2016/09/08","0.0600","1000.0000","0.0600","0.0600","0.0600"
"2016/09/07","0.1000","0.0000","0.1000","0.1000","0.1000"
"2016/09/06","0.1000","0.0000","0.1000","0.1000","0.1000"
"2016/09/02","0.1000","0.0000","0.1000","0.1000","0.1000"
"2016/09/01","0.1000","0.0000","0.1000","0.1000","0.1000"
"2016/08/31","0.1000","800.0000","0.0920","0.1000","0.0920"
"2016/08/30","0.0650","0.0000","0.0650","0.0650","0.0650"
"2016/08/29","0.0650","0.0000","0.0650","0.0650","0.0650"
"2016/08/26","0.0650","0.0000","0.0650","0.0650","0.0650"
"2016/08/25","0.0650","0.0000","0.0650","0.0650","0.0650"
"2016/08/24","0.0650","0.0000","0.0650","0.0650","0.0650"
"2016/08/23","0.0650","0.0000","0.0650","0.0650","0.0650"
"2016/08/22","0.0650","0.0000","0.0650","0.0650","0.0650"
"2016/08/19","0.0650","0.0000","0.0650","0.0650","0.0650"
"2016/08/18","0.0650","0.0000","0.0650","0.0650","0.0650"
"2016/08/17","0.0650","0.0000","0.0650","0.0650","0.0650"
"2016/08/16","0.0650","0.0000","0.0650","0.0650","0.0650"
"2016/08/15","0.0650","0.0000","0.0650","0.0650","0.0650"
"2016/08/12","0.0650","0.0000","0.0650","0.0650","0.0650"
"2016/08/11","0.0650","0.0000","0.0650","0.0650","0.0650"
"2016/08/10","0.0650","1000.0000","0.0650","0.0650","0.0650"
"2016/08/09","0.0650","0.0000","0.0650","0.0650","0.0650"
"2016/08/08","0.0650","0.0000","0.0650","0.0650","0.0650"
"2016/08/05","0.0650","0.0000","0.0650","0.0650","0.0650"
"2016/08/04","0.0650","0.0000","0.0650","0.0650","0.0650"
"2016/08/03","0.0650","0.0000","0.0650","0.0650","0.0650"
"2016/08/02","0.0650","250.0000","0.0650","0.0650","0.0650"
"2016/08/01","0.0650","0.0000","0.0650","0.0650","0.0650"
"2016/07/29","0.0650","0.0000","0.0650","0.0650","0.0650"
"2016/07/28","0.0650","0.0000","0.0650","0.0650","0.0650"
"2016/07/27","0.0650","0.0000","0.0650","0.0650","0.0650"
"2016/07/26","0.0650","0.0000","0.0650","0.0650","0.0650"
"2016/07/25","0.0650","0.0000","0.0650","0.0650","0.0650"
"2016/07/22","0.0650","0.0000","0.0650","0.0650","0.0650"
"2016/07/21","0.0650","0.0000","0.0650","0.0650","0.0650"
"2016/07/20","0.0650","0.0000","0.0650","0.0650","0.0650"
"2016/07/19","0.0650","0.0000","0.0650","0.0650","0.0650"
"2016/07/18","0.0650","0.0000","0.0650","0.0650","0.0650"
"2016/07/15","0.0650","900.0000","0.0650","0.0650","0.0650"
"2016/07/14","0.0870","0.0000","0.0870","0.0870","0.0870"
"2016/07/13","0.0870","0.0000","0.0870","0.0870","0.0870"
"2016/07/12","0.0870","0.0000","0.0870","0.0870","0.0870"
"2016/07/11","0.0870","0.0000","0.0870","0.0870","0.0870"
"2016/07/08","0.0870","200.0000","0.1000","0.1000","0.0870"
"2016/07/07","0.0650","745.0000","0.0650","0.0650","0.0650"
"2016/07/06","0.0650","350.0000","0.0650","0.0650","0.0650"
"2016/07/05","0.0650","0.0000","0.0650","0.0650","0.0650"
"2016/07/01","0.0650","0.0000","0.0650","0.0650","0.0650"
"2016/06/30","0.0650","9249.0000","0.0650","0.0650","0.0650"
"2016/06/29","0.1000","0.0000","0.1000","0.1000","0.1000"
"2016/06/28","0.1000","350.0000","0.1000","0.1000","0.1000"
"2016/06/27","0.0710","0.0000","0.0710","0.0710","0.0710"
"2016/06/24","0.0710","0.0000","0.0710","0.0710","0.0710"
"2016/06/23","0.0710","0.0000","0.0710","0.0710","0.0710"
"2016/06/22","0.0710","0.0000","0.0710","0.0710","0.0710"
"2016/06/21","0.0710","0.0000","0.0710","0.0710","0.0710"
"2016/06/20","0.0710","0.0000","0.0710","0.0710","0.0710"
"2016/06/17","0.0710","0.0000","0.0710","0.0710","0.0710"
"2016/06/16","0.0710","0.0000","0.0710","0.0710","0.0710"
"2016/06/15","0.0710","600.0000","0.0710","0.0710","0.0710"
"2016/06/14","0.0650","0.0000","0.0650","0.0650","0.0650"
"2016/06/13","0.0650","0.0000","0.0650","0.0650","0.0650"
"2016/06/10","0.0650","0.0000","0.0650","0.0650","0.0650"
"2016/06/09","0.0650","0.0000","0.0650","0.0650","0.0650"
"2016/06/08","0.0650","1000.0000","0.0720","0.0720","0.0650"
"2016/06/07","0.0650","0.0000","0.0650","0.0650","0.0650"
"2016/06/06","0.0650","0.0000","0.0650","0.0650","0.0650"
"2016/06/03","0.0650","0.0000","0.0650","0.0650","0.0650"
"2016/06/02","0.0650","0.0000","0.0650","0.0650","0.0650"
"2016/06/01","0.0650","0.0000","0.0650","0.0650","0.0650"
"2016/05/31","0.0650","1425.0000","0.0650","0.0650","0.0650"
"2016/05/27","0.1000","0.0000","0.1000","0.1000","0.1000"
"2016/05/26","0.1000","0.0000","0.1000","0.1000","0.1000"
"2016/05/25","0.1000","0.0000","0.1000","0.1000","0.1000"
"2016/05/24","0.1000","0.0000","0.1000","0.1000","0.1000"
"2016/05/23","0.1000","0.0000","0.1000","0.1000","0.1000"
"2016/05/20","0.1000","4000.0000","0.1000","0.1000","0.1000"
"2016/05/19","0.1000","3000.0000","0.1000","0.1000","0.1000"
"2016/05/18","0.0650","0.0000","0.0650","0.0650","0.0650"
"2016/05/17","0.0650","0.0000","0.0650","0.0650","0.0650"
"2016/05/16","0.0650","0.0000","0.0650","0.0650","0.0650"
"2016/05/13","0.0650","0.0000","0.0650","0.0650","0.0650"
"2016/05/12","0.0650","10999.0000","0.0650","0.0650","0.0650"
"2016/05/11","0.0650","2500.0000","0.0650","0.0650","0.0650"
"2016/05/10","0.0650","500.0000","0.0650","0.0650","0.0650"
"2016/05/09","0.0949","0.0000","0.0949","0.0949","0.0949"
"2016/05/06","0.0949","0.0000","0.0949","0.0949","0.0949"
"2016/05/05","0.0949","0.0000","0.0949","0.0949","0.0949"
"2016/05/04","0.0949","0.0000","0.0949","0.0949","0.0949"
"2016/05/03","0.0949","0.0000","0.0949","0.0949","0.0949"
"2016/05/02","0.0949","200.0000","0.0950","0.0950","0.0949"
"2016/04/29","0.0949","4500.0000","0.0950","0.0950","0.0949"
"2016/04/28","0.0650","5130.0000","0.0650","0.0650","0.0650"
"2016/04/27","0.0600","0.0000","0.0600","0.0600","0.0600"
"2016/04/26","0.0600","0.0000","0.0600","0.0600","0.0600"
"2016/04/25","0.0600","13000.0000","0.0640","0.0640","0.0600"
"2016/04/22","0.0600","0.0000","0.0600","0.0600","0.0600"
"2016/04/21","0.0600","0.0000","0.0600","0.0600","0.0600"
"2016/04/20","0.0600","40200.0000","0.0710","0.0714","0.0600"
"2016/04/19","0.0700","0.0000","0.0700","0.0700","0.0700"
"2016/04/18","0.0700","0.0000","0.0700","0.0700","0.0700"
"2016/04/15","0.0700","0.0000","0.0700","0.0700","0.0700"
"2016/04/14","0.0700","0.0000","0.0700","0.0700","0.0700"
"2016/04/13","0.0700","625.0000","0.0700","0.0700","0.0700"
"2016/04/12","0.1000","0.0000","0.1000","0.1000","0.1000"
"2016/04/11","0.1000","0.0000","0.1000","0.1000","0.1000"
"2016/04/08","0.1000","0.0000","0.1000","0.1000","0.1000"
"2016/04/07","0.1000","6788.0000","0.0700","0.1000","0.0700"
"2016/04/06","0.0700","0.0000","0.0700","0.0700","0.0700"
"2016/04/05","0.0700","100.0000","0.0700","0.0700","0.0700"
"2016/04/04","0.0700","0.0000","0.0700","0.0700","0.0700"
"2016/04/01","0.0700","0.0000","0.0700","0.0700","0.0700"
"2016/03/31","0.0700","0.0000","0.0700","0.0700","0.0700"
"2016/03/30","0.0700","0.0000","0.0700","0.0700","0.0700"
"2016/03/29","0.0700","0.0000","0.0700","0.0700","0.0700"
"2016/03/28","0.0700","0.0000","0.0700","0.0700","0.0700"
"2016/03/24","0.0700","0.0000","0.0700","0.0700","0.0700"
"2016/03/23","0.0700","0.0000","0.0700","0.0700","0.0700"
"2016/03/22","0.0700","0.0000","0.0700","0.0700","0.0700"
"2016/03/21","0.0700","750.0000","0.0700","0.0700","0.0700"
"2016/03/18","0.0999","451.0000","0.0999","0.0999","0.0999"
"2016/03/17","0.0700","31150.0000","0.0800","0.0800","0.0700"
"2016/03/16","0.0800","1050.0000","0.0800","0.0800","0.0800"
"2016/03/15","0.0800","0.0000","0.0800","0.0800","0.0800"
"2016/03/14","0.0800","0.0000","0.0800","0.0800","0.0800"
"2016/03/11","0.0800","0.0000","0.0800","0.0800","0.0800"
"2016/03/10","0.0800","0.0000","0.0800","0.0800","0.0800"
"2016/03/09","0.0800","0.0000","0.0800","0.0800","0.0800"
"2016/03/08","0.0800","0.0000","0.0800","0.0800","0.0800"
"2016/03/07","0.0800","250.0000","0.0800","0.0800","0.0800"
"2016/03/04","0.0800","250.0000","0.0800","0.0800","0.0800"
"2016/03/03","0.0800","270.0000","0.0800","0.0800","0.0800"
"2016/03/02","0.0800","0.0000","0.0800","0.0800","0.0800"
"2016/03/01","0.0800","0.0000","0.0800","0.0800","0.0800"
"2016/02/29","0.0800","350.0000","0.0800","0.0800","0.0800"
"2016/02/26","0.0800","0.0000","0.0800","0.0800","0.0800"
"2016/02/25","0.0800","4981.0000","0.0800","0.0800","0.0800"
"2016/02/24","0.0800","4750.0000","0.0800","0.0800","0.0800"
"2016/02/23","0.0800","185.0000","0.0800","0.0800","0.0800"
"2016/02/22","0.0800","0.0000","0.0800","0.0800","0.0800"
"2016/02/19","0.0800","0.0000","0.0800","0.0800","0.0800"
"2016/02/18","0.0800","0.0000","0.0800","0.0800","0.0800"
"2016/02/17","0.0800","0.0000","0.0800","0.0800","0.0800"
"2016/02/16","0.0800","20000.0000","0.0800","0.0800","0.0800"
"2016/02/12","0.0800","1507.0000","0.0800","0.0800","0.0800"
"2016/02/11","0.0800","0.0000","0.0800","0.0800","0.0800"
"2016/02/10","0.0800","0.0000","0.0800","0.0800","0.0800"
"2016/02/09","0.0800","0.0000","0.0800","0.0800","0.0800"
"2016/02/08","0.0800","0.0000","0.0800","0.0800","0.0800"
"2016/02/05","0.0800","0.0000","0.0800","0.0800","0.0800"
"2016/02/04","0.0800","0.0000","0.0800","0.0800","0.0800"
"2016/02/03","0.0800","0.0000","0.0800","0.0800","0.0800"
"2016/02/02","0.0800","1437.0000","0.0800","0.0800","0.0800"
"2016/02/01","0.0800","0.0000","0.0800","0.0800","0.0800"
"2016/01/29","0.0800","0.0000","0.0800","0.0800","0.0800"
"2016/01/28","0.0800","0.0000","0.0800","0.0800","0.0800"
"2016/01/27","0.0800","7500.0000","0.0800","0.0800","0.0800"
"2016/01/26","0.0801","0.0000","0.0801","0.0801","0.0801"
"2016/01/25","0.0801","0.0000","0.0801","0.0801","0.0801"
"2016/01/22","0.0801","1001.0000","0.0801","0.0801","0.0801"
"2016/01/21","0.0800","650.0000","0.0800","0.0800","0.0800"
"2016/01/20","0.0800","0.0000","0.0800","0.0800","0.0800"
"2016/01/19","0.0800","0.0000","0.0800","0.0800","0.0800"
"2016/01/15","0.0800","0.0000","0.0800","0.0800","0.0800"
"2016/01/14","0.0800","436.0000","0.0800","0.0800","0.0800"
"2016/01/13","0.0800","0.0000","0.0800","0.0800","0.0800"
"2016/01/12","0.0800","0.0000","0.0800","0.0800","0.0800"
"2016/01/11","0.0800","0.0000","0.0800","0.0800","0.0800"
"2016/01/08","0.0800","0.0000","0.0800","0.0800","0.0800"
"2016/01/07","0.0800","0.0000","0.0800","0.0800","0.0800"
"2016/01/06","0.0800","0.0000","0.0800","0.0800","0.0800"
"2016/01/05","0.0800","0.0000","0.0800","0.0800","0.0800"
"2016/01/04","0.0800","1500.0000","0.0800","0.0800","0.0800"
"2015/12/31","0.0800","0.0000","0.0800","0.0800","0.0800"
"2015/12/30","0.0800","0.0000","0.0800","0.0800","0.0800"
"2015/12/29","0.0800","420.0000","0.0900","0.0900","0.0800"
"2015/12/28","0.0800","0.0000","0.0800","0.0800","0.0800"
"2015/12/24","0.0800","0.0000","0.0800","0.0800","0.0800"
"2015/12/23","0.0800","0.0000","0.0800","0.0800","0.0800"
"2015/12/22","0.0800","0.0000","0.0800","0.0800","0.0800"
"2015/12/21","0.0800","0.0000","0.0800","0.0800","0.0800"
"2015/12/18","0.0800","297.0000","0.0800","0.0800","0.0800"
"2015/12/17","0.0800","0.0000","0.0800","0.0800","0.0800"
"2015/12/16","0.0800","0.0000","0.0800","0.0800","0.0800"
"2015/12/15","0.0800","0.0000","0.0800","0.0800","0.0800"
"2015/12/14","0.0800","0.0000","0.0800","0.0800","0.0800"
"2015/12/11","0.0800","0.0000","0.0800","0.0800","0.0800"
"2015/12/10","0.0800","0.0000","0.0800","0.0800","0.0800"
"2015/12/09","0.0800","0.0000","0.0800","0.0800","0.0800"
"2015/12/08","0.0800","0.0000","0.0800","0.0800","0.0800"
"2015/12/07","0.0800","0.0000","0.0800","0.0800","0.0800"
"2015/12/04","0.0800","0.0000","0.0800","0.0800","0.0800"
"2015/12/03","0.0800","0.0000","0.0800","0.0800","0.0800"
"2015/12/02","0.0800","0.0000","0.0800","0.0800","0.0800"
"2015/12/01","0.0800","0.0000","0.0800","0.0800","0.0800"
"2015/11/30","0.0800","0.0000","0.0800","0.0800","0.0800"
"2015/11/27","0.0800","0.0000","0.0800","0.0800","0.0800"
"2015/11/25","0.0800","500.0000","0.0800","0.0800","0.0800"
"2015/11/24","0.0810","0.0000","0.0810","0.0810","0.0810"
"2015/11/23","0.0810","0.0000","0.0810","0.0810","0.0810"
"2015/11/20","0.0810","0.0000","0.0810","0.0810","0.0810"
"2015/11/19","0.0810","110.0000","0.0810","0.0810","0.0810"
"2015/11/18","0.0800","0.0000","0.0800","0.0800","0.0800"
"2015/11/17","0.0800","340.0000","0.0800","0.0800","0.0800"
"2015/11/16","0.1000","0.0000","0.1000","0.1000","0.1000"
"2015/11/13","0.1000","0.0000","0.1000","0.1000","0.1000"
"2015/11/12","0.1000","2000.0000","0.1000","0.1000","0.1000"
"2015/11/11","0.0800","0.0000","0.0800","0.0800","0.0800"
"2015/11/10","0.0800","0.0000","0.0800","0.0800","0.0800"
"2015/11/09","0.0800","0.0000","0.0800","0.0800","0.0800"
"2015/11/06","0.0800","0.0000","0.0800","0.0800","0.0800"
"2015/11/05","0.0800","30000.0000","0.0820","0.0820","0.0800"
"2015/11/04","0.0910","12000.0000","0.1010","0.1010","0.0910"
"2015/11/03","0.1099","0.0000","0.1099","0.1099","0.1099"
"2015/11/02","0.1099","0.0000","0.1099","0.1099","0.1099"
"2015/10/30","0.1099","0.0000","0.1099","0.1099","0.1099"
"2015/10/29","0.1099","0.0000","0.1099","0.1099","0.1099"
"2015/10/28","0.1099","0.0000","0.1099","0.1099","0.1099"
"2015/10/27","0.1099","0.0000","0.1099","0.1099","0.1099"
"2015/10/26","0.1099","0.0000","0.1099","0.1099","0.1099"
"2015/10/23","0.1099","0.0000","0.1099","0.1099","0.1099"
"2015/10/22","0.1099","1000.0000","0.1100","0.1100","0.1099"
"2015/10/21","0.1100","0.0000","0.1100","0.1100","0.1100"
"2015/10/20","0.1100","0.0000","0.1100","0.1100","0.1100"
"2015/10/19","0.1100","0.0000","0.1100","0.1100","0.1100"
"2015/10/16","0.1100","0.0000","0.1100","0.1100","0.1100"
"2015/10/15","0.1100","0.0000","0.1100","0.1100","0.1100"
"2015/10/14","0.1100","300.0000","0.1100","0.1100","0.1100"
"2015/10/13","0.1100","0.0000","0.1100","0.1100","0.1100"
"2015/10/12","0.1100","4272.0000","0.1100","0.1100","0.1100"
"2015/10/09","0.1065","1000.0000","0.1065","0.1065","0.1065"
"2015/10/08","0.1065","0.0000","0.1065","0.1065","0.1065"
"2015/10/07","0.1065","23837.0000","0.1100","0.1100","0.1000"
"2015/10/06","0.2500","100.0000","0.2500","0.2500","0.2500"
"2015/10/05","0.1050","15000.0000","0.1050","0.1050","0.1050"
"2015/10/02","0.1050","10100.0000","0.1050","0.1450","0.1050"
"2015/10/01","0.1050","5000.0000","0.1050","0.1050","0.1050"
"2015/09/30","0.1490","0.0000","0.1490","0.1490","0.1490"
"2015/09/29","0.1490","0.0000","0.1490","0.1490","0.1490"
"2015/09/28","0.1490","0.0000","0.1490","0.1490","0.1490"
"2015/09/25","0.1490","0.0000","0.1490","0.1490","0.1490"
"2015/09/24","0.1490","0.0000","0.1490","0.1490","0.1490"
"2015/09/23","0.1490","0.0000","0.1490","0.1490","0.1490"
"2015/09/22","0.1490","0.0000","0.1490","0.1490","0.1490"
"2015/09/21","0.1490","1440.0000","0.1050","0.1490","0.1050"
"2015/09/18","0.1490","467.0000","0.1050","0.1490","0.1050"
"2015/09/17","0.1500","100.0000","0.1500","0.1500","0.1500"
"2015/09/16","0.1300","0.0000","0.1300","0.1300","0.1300"
"2015/09/15","0.1300","0.0000","0.1300","0.1300","0.1300"
"2015/09/14","0.1300","0.0000","0.1300","0.1300","0.1300"
"2015/09/11","0.1300","0.0000","0.1300","0.1300","0.1300"
"2015/09/10","0.1300","4020.0000","0.1050","0.1400","0.1050"
"2015/09/09","0.2500","100.0000","0.2500","0.2500","0.2500"
"2015/09/08","0.1200","0.0000","0.1200","0.1200","0.1200"
"2015/09/04","0.1200","0.0000","0.1200","0.1200","0.1200"
"2015/09/03","0.1200","0.0000","0.1200","0.1200","0.1200"
"2015/09/02","0.1200","0.0000","0.1200","0.1200","0.1200"
"2015/09/01","0.1200","0.0000","0.1200","0.1200","0.1200"
"2015/08/31","0.1200","2700.0000","0.1050","0.1200","0.1050"
"2015/08/28","0.1200","1820.0000","0.1185","0.1200","0.1185"
"2015/08/27","0.1200","1000.0000","0.1200","0.1200","0.1200"
"2015/08/26","0.1050","1220.0000","0.1120","0.1990","0.1050"
"2015/08/25","0.2500","5100.0000","0.1121","0.2500","0.1121"
"2015/08/24","0.1300","0.0000","0.1300","0.1300","0.1300"
"2015/08/21","0.1300","200.0000","0.1300","0.1300","0.1300"
"2015/08/20","0.1300","850.0000","0.1121","0.1300","0.1121"
"2015/08/19","0.1300","0.0000","0.1300","0.1300","0.1300"
"2015/08/18","0.1300","0.0000","0.1300","0.1300","0.1300"
"2015/08/17","0.1300","0.0000","0.1300","0.1300","0.1300"
"2015/08/14","0.1300","2100.0000","0.1200","0.1300","0.1200"
"2015/08/13","0.1450","1100.0000","0.1200","0.1450","0.1200"
"2015/08/12","0.1500","19200.0000","0.1200","0.1550","0.1200"
"2015/08/11","0.1600","0.0000","0.1600","0.1600","0.1600"
"2015/08/10","0.1600","1000.0000","0.1600","0.1600","0.1600"
"2015/08/07","0.1600","7100.0000","0.1400","0.1600","0.1400"
"2015/08/06","0.1600","387.0000","0.1400","0.1600","0.1400"
"2015/08/05","0.1600","0.0000","0.1600","0.1600","0.1600"
"2015/08/04","0.1600","14538.0000","0.1500","0.1600","0.1500"
"2015/08/03","0.1999","0.0000","0.1999","0.1999","0.1999"
"2015/07/31","0.1999","9020.0000","0.1999","0.1999","0.1929"
"2015/07/30","0.1999","200.0000","0.1998","0.1999","0.1998"
"2015/07/29","0.1300","0.0000","0.1300","0.1300","0.1300"
"2015/07/28","0.1300","0.0000","0.1300","0.1300","0.1300"
"2015/07/27","0.1300","0.0000","0.1300","0.1300","0.1300"
"2015/07/24","0.1300","15812.0000","0.1400","0.1400","0.1300"
"2015/07/23","0.1600","62100.0000","0.1400","0.1600","0.1200"
"2015/07/22","0.2500","4970.0000","0.2500","0.2500","0.1300"
"2015/07/21","0.1300","1100.0000","0.2500","0.2500","0.1300"
"2015/07/20","0.1300","0.0000","0.1300","0.1300","0.1300"
"2015/07/17","0.1300","0.0000","0.1300","0.1300","0.1300"
"2015/07/16","0.1300","0.0000","0.1300","0.1300","0.1300"
"2015/07/15","0.1300","400.0000","0.1700","0.1700","0.1300"
"2015/07/14","0.1700","58981.0000","0.2000","0.2000","0.1101"
"2015/07/13","0.1600","0.0000","0.1600","0.1600","0.1600"
"2015/07/10","0.1600","0.0000","0.1600","0.1600","0.1600"
"2015/07/09","0.1600","0.0000","0.1600","0.1600","0.1600"
"2015/07/08","0.1600","0.0000","0.1600","0.1600","0.1600"
"2015/07/07","0.1600","150.0000","0.1600","0.1600","0.1600"
"2015/07/06","0.1600","200.0000","0.1600","0.1600","0.1600"
"2015/07/02","0.1800","0.0000","0.1800","0.1800","0.1800"
"2015/07/01","0.1800","500.0000","0.1800","0.1800","0.1800"
"2015/06/30","0.1800","20696.0000","0.1800","0.2500","0.1800"
"2015/06/29","0.2000","33171.0000","0.2000","0.2000","0.1600"
"2015/06/26","0.1600","34400.0000","0.2200","0.3500","0.1600"
"2015/06/25","0.2200","12820.0000","0.2020","0.2200","0.1800"
"2015/06/24","0.2010","64323.0000","0.1425","0.2010","0.1425"
"2015/06/23","0.1450","0.0000","0.1450","0.1450","0.1450"
"2015/06/22","0.1450","1450.0000","0.1450","0.1450","0.1450"
"2015/06/19","0.1450","10500.0000","0.1450","0.2000","0.1450"
"2015/06/18","0.2000","0.0000","0.2000","0.2000","0.2000"
"2015/06/17","0.2000","5100.0000","0.1400","0.2000","0.1400"
"2015/06/16","0.1700","100.0000","0.1700","0.1700","0.1700"
"2015/06/15","0.1300","28683.0000","0.1200","0.1400","0.1200"
"2015/06/12","0.2199","3100.0000","0.1200","0.2199","0.1200"
"2015/06/11","0.1150","12075.0000","0.1000","0.1150","0.1000"
"2015/06/10","0.2200","7600.0000","0.1000","0.2200","0.1000"
"2015/06/09","0.2200","38812.0000","0.2200","0.2200","0.1000"
"2015/06/08","0.1100","1000.0000","0.1100","0.1100","0.1100"
"2015/06/05","0.1100","0.0000","0.1100","0.1100","0.1100"
"2015/06/04","0.1100","0.0000","0.1100","0.1100","0.1100"
"2015/06/03","0.1100","2100.0000","0.1000","0.1100","0.1000"
"2015/06/02","0.1100","18900.0000","0.1100","0.1100","0.1100"
"2015/06/01","0.1350","0.0000","0.1350","0.1350","0.1350"
"2015/05/29","0.1350","0.0000","0.1350","0.1350","0.1350"
"2015/05/28","0.1350","27600.0000","0.0940","0.1430","0.0920"
"2015/05/27","0.1430","28300.0000","0.1050","0.1430","0.1040"
"2015/05/26","0.0900","30000.0000","0.0900","0.0900","0.0900"
"2015/05/22","0.1520","600.0000","0.1290","0.1520","0.1290"
"2015/05/21","0.1500","0.0000","0.1500","0.1500","0.1500"
"2015/05/20","0.1500","1500.0000","0.1200","0.1500","0.1200"
"2015/05/19","0.2220","0.0000","0.2220","0.2220","0.2220"
"2015/05/18","0.2220","0.0000","0.2220","0.2220","0.2220"
"2015/05/15","0.2220","100.0000","0.2220","0.2220","0.2220"
"2015/05/14","0.1350","2101.0000","0.0900","0.1350","0.0900"
"2015/05/13","0.1500","1111.0000","0.0900","0.1500","0.0900"
"2015/05/12","0.1500","0.0000","0.1500","0.1500","0.1500"
"2015/05/11","0.1500","0.0000","0.1500","0.1500","0.1500"
"2015/05/08","0.1500","0.0000","0.1500","0.1500","0.1500"
"2015/05/07","0.1500","69534.0000","0.1250","0.1500","0.1010"
"2015/05/06","0.0900","0.0000","0.0900","0.0900","0.0900"
"2015/05/05","0.0900","950.0000","0.0900","0.0900","0.0900"
"2015/05/04","0.0900","0.0000","0.0900","0.0900","0.0900"
"2015/05/01","0.0900","0.0000","0.0900","0.0900","0.0900"
"2015/04/30","0.0900","0.0000","0.0900","0.0900","0.0900"
"2015/04/29","0.0900","0.0000","0.0900","0.0900","0.0900"
"2015/04/28","0.0900","1250.0000","0.0900","0.0900","0.0900"
"2015/04/27","0.0900","0.0000","0.0900","0.0900","0.0900"
"2015/04/24","0.0900","0.0000","0.0900","0.0900","0.0900"
"2015/04/23","0.0900","750.0000","0.0900","0.0900","0.0900"
"2015/04/22","0.0900","1118.0000","0.0900","0.0900","0.0900"
"2015/04/21","0.1250","0.0000","0.1250","0.1250","0.1250"
"2015/04/20","0.1250","0.0000","0.1250","0.1250","0.1250"
"2015/04/17","0.1250","0.0000","0.1250","0.1250","0.1250"
"2015/04/16","0.1250","1000.0000","0.1250","0.1250","0.1250"
"2015/04/15","0.1250","5500.0000","0.0900","0.1250","0.0900"
"2015/04/14","0.0900","0.0000","0.0900","0.0900","0.0900"
"2015/04/13","0.0900","0.0000","0.0900","0.0900","0.0900"
"2015/04/10","0.0900","0.0000","0.0900","0.0900","0.0900"
"2015/04/09","0.0900","6150.0000","0.0900","0.0900","0.0900"
"2015/04/08","0.0900","0.0000","0.0900","0.0900","0.0900"
"2015/04/07","0.0900","0.0000","0.0900","0.0900","0.0900"
"2015/04/06","0.0900","2429.0000","0.0900","0.0900","0.0900"
"2015/04/02","0.0900","0.0000","0.0900","0.0900","0.0900"
"2015/04/01","0.0900","500.0000","0.0900","0.0900","0.0900"
"2015/03/31","0.1250","12501.0000","0.1100","0.1250","0.1100"
"2015/03/30","0.0900","500.0000","0.0900","0.0900","0.0900"
"2015/03/27","0.1000","0.0000","0.1000","0.1000","0.1000"
"2015/03/26","0.1000","5000.0000","0.1000","0.1000","0.1000"
"2015/03/25","0.1000","0.0000","0.1000","0.1000","0.1000"
"2015/03/24","0.1000","0.0000","0.1000","0.1000","0.1000"
"2015/03/23","0.1000","22500.0000","0.1000","0.1000","0.1000"
"2015/03/20","0.1100","0.0000","0.1100","0.1100","0.1100"
"2015/03/19","0.1100","250.0000","0.1100","0.1100","0.1100"
"2015/03/18","0.1300","0.0000","0.1300","0.1300","0.1300"
"2015/03/17","0.1300","0.0000","0.1300","0.1300","0.1300"
"2015/03/16","0.1300","0.0000","0.1300","0.1300","0.1300"
"2015/03/13","0.1300","6500.0000","0.1300","0.1300","0.1300"
"2015/03/12","0.1300","0.0000","0.1300","0.1300","0.1300"
"2015/03/11","0.1300","0.0000","0.1300","0.1300","0.1300"
"2015/03/10","0.1300","8297.0000","0.1200","0.1300","0.1200"
"2015/03/09","0.1300","600.0000","0.1300","0.1300","0.1300"
"2015/03/06","0.1100","4100.0000","0.1200","0.1200","0.1100"
"2015/03/05","0.1200","0.0000","0.1200","0.1200","0.1200"
"2015/03/04","0.1200","1000.0000","0.1200","0.1200","0.1200"
"2015/03/03","0.1300","0.0000","0.1300","0.1300","0.1300"
"2015/03/02","0.1300","0.0000","0.1300","0.1300","0.1300"
"2015/02/27","0.1300","3400.0000","0.1300","0.1300","0.1300"
"2015/02/26","0.1000","1070.0000","0.1000","0.1000","0.1000"
"2015/02/25","0.1000","0.0000","0.1000","0.1000","0.1000"
"2015/02/24","0.1000","0.0000","0.1000","0.1000","0.1000"
"2015/02/23","0.1000","0.0000","0.1000","0.1000","0.1000"
"2015/02/20","0.1000","0.0000","0.1000","0.1000","0.1000"
"2015/02/19","0.1000","0.0000","0.1000","0.1000","0.1000"
"2015/02/18","0.1000","0.0000","0.1000","0.1000","0.1000"
"2015/02/17","0.1000","0.0000","0.1000","0.1000","0.1000"
"2015/02/13","0.1000","0.0000","0.1000","0.1000","0.1000"
"2015/02/12","0.1000","0.0000","0.1000","0.1000","0.1000"
"2015/02/11","0.1000","0.0000","0.1000","0.1000","0.1000"
"2015/02/10","0.1000","0.0000","0.1000","0.1000","0.1000"
"2015/02/09","0.1000","1920.0000","0.1000","0.1000","0.1000"
"2015/02/06","0.1000","2045.0000","0.1000","0.1000","0.1000"
"2015/02/05","0.1000","0.0000","0.1000","0.1000","0.1000"
"2015/02/04","0.1000","0.0000","0.1000","0.1000","0.1000"
"2015/02/03","0.1000","0.0000","0.1000","0.1000","0.1000"
"2015/02/02","0.1000","0.0000","0.1000","0.1000","0.1000"
"2015/01/30","0.1000","0.0000","0.1000","0.1000","0.1000"
"2015/01/29","0.1000","0.0000","0.1000","0.1000","0.1000"
"2015/01/28","0.1000","0.0000","0.1000","0.1000","0.1000"
"2015/01/27","0.1000","0.0000","0.1000","0.1000","0.1000"
"2015/01/26","0.1000","0.0000","0.1000","0.1000","0.1000"
"2015/01/23","0.1000","0.0000","0.1000","0.1000","0.1000"
"2015/01/22","0.1000","0.0000","0.1000","0.1000","0.1000"
"2015/01/21","0.1000","0.0000","0.1000","0.1000","0.1000"
"2015/01/20","0.1000","0.0000","0.1000","0.1000","0.1000"
"2015/01/16","0.1000","0.0000","0.1000","0.1000","0.1000"
"2015/01/15","0.1000","0.0000","0.1000","0.1000","0.1000"
"2015/01/14","0.1000","0.0000","0.1000","0.1000","0.1000"
"2015/01/13","0.1000","0.0000","0.1000","0.1000","0.1000"
"2015/01/12","0.1000","0.0000","0.1000","0.1000","0.1000"
"2015/01/09","0.1000","4900.0000","0.1000","0.1000","0.1000"
"2015/01/08","0.1300","300.0000","0.1300","0.1300","0.1300"
"2015/01/07","0.1200","0.0000","0.1200","0.1200","0.1200"
"2015/01/06","0.1200","1554.0000","0.1200","0.1200","0.1200"
"2015/01/05","0.1000","0.0000","0.1000","0.1000","0.1000"
"2015/01/02","0.1000","2240.0000","0.1000","0.1000","0.1000"
"2014/12/31","0.1000","100.0000","0.1000","0.1000","0.1000"
"2014/12/30","0.1000","3410.0000","0.1000","0.1000","0.1000"
"2014/12/29","0.1000","0.0000","0.1000","0.1000","0.1000"
"2014/12/26","0.1000","0.0000","0.1000","0.1000","0.1000"
"2014/12/24","0.1000","0.0000","0.1000","0.1000","0.1000"
"2014/12/23","0.1000","711.0000","0.1000","0.1000","0.1000"
"2014/12/22","0.1000","4000.0000","0.1001","0.1001","0.1000"
"2014/12/19","0.1000","0.0000","0.1000","0.1000","0.1000"
"2014/12/18","0.1000","40587.0000","0.1120","0.1120","0.1000"
"2014/12/17","0.1120","0.0000","0.1120","0.1120","0.1120"
"2014/12/16","0.1120","0.0000","0.1120","0.1120","0.1120"
"2014/12/15","0.1120","0.0000","0.1120","0.1120","0.1120"
"2014/12/12","0.1120","0.0000","0.1120","0.1120","0.1120"
"2014/12/11","0.1120","0.0000","0.1120","0.1120","0.1120"
"2014/12/10","0.1120","0.0000","0.1120","0.1120","0.1120"
"2014/12/09","0.1120","0.0000","0.1120","0.1120","0.1120"
"2014/12/08","0.1120","3050.0000","0.1120","0.1120","0.1120"
"2014/12/05","0.1120","7000.0000","0.1120","0.1120","0.1120"
"2014/12/04","0.1360","0.0000","0.1360","0.1360","0.1360"
"2014/12/03","0.1360","0.0000","0.1360","0.1360","0.1360"
"2014/12/02","0.1360","55000.0000","0.1320","0.1360","0.1120"
"2014/12/01","0.1500","0.0000","0.1500","0.1500","0.1500"
"2014/11/28","0.1500","126068.0000","0.1400","0.1500","0.1310"
"2014/11/26","0.1400","80289.0000","0.1300","0.1400","0.1300"
"2014/11/25","0.0910","134542.0000","0.1500","0.2500","0.0910"
"2014/11/24","0.1100","400.0000","0.1100","0.1100","0.1100"
"2014/11/21","0.1900","105400.0000","0.1200","0.1900","0.1200"
"2014/11/20","0.1200","0.0000","0.1200","0.1200","0.1200"
"2014/11/19","0.1200","3200.0000","0.1200","0.1200","0.1200"
"2014/11/18","0.1600","105116.0000","0.1100","0.1600","0.1100"
"2014/11/17","0.1500","100000.0000","0.1500","0.1500","0.1500"
"2014/11/14","0.1010","0.0000","0.1010","0.1010","0.1010"
"2014/11/13","0.1010","0.0000","0.1010","0.1010","0.1010"
"2014/11/12","0.1010","0.0000","0.1010","0.1010","0.1010"
"2014/11/11","0.1010","0.0000","0.1010","0.1010","0.1010"
"2014/11/10","0.1010","0.0000","0.1010","0.1010","0.1010"
"2014/11/07","0.1010","0.0000","0.1010","0.1010","0.1010"
"2014/11/06","0.1010","0.0000","0.1010","0.1010","0.1010"
"2014/11/05","0.1010","825.0000","0.0900","0.1010","0.0900"
"2014/11/04","0.0900","0.0000","0.0900","0.0900","0.0900"
"2014/11/03","0.0900","0.0000","0.0900","0.0900","0.0900"
"2014/10/31","0.0900","0.0000","0.0900","0.0900","0.0900"
"2014/10/30","0.0900","0.0000","0.0900","0.0900","0.0900"
"2014/10/29","0.0900","0.0000","0.0900","0.0900","0.0900"
"2014/10/28","0.0900","0.0000","0.0900","0.0900","0.0900"
"2014/10/27","0.0900","0.0000","0.0900","0.0900","0.0900"
"2014/10/24","0.0900","0.0000","0.0900","0.0900","0.0900"
"2014/10/23","0.0900","0.0000","0.0900","0.0900","0.0900"
"2014/10/22","0.0900","0.0000","0.0900","0.0900","0.0900"
"2014/10/21","0.0900","0.0000","0.0900","0.0900","0.0900"
"2014/10/20","0.0900","0.0000","0.0900","0.0900","0.0900"
"2014/10/17","0.0900","1250.0000","0.0900","0.0900","0.0900"
"2014/10/16","0.0900","0.0000","0.0900","0.0900","0.0900"
"2014/10/15","0.0900","0.0000","0.0900","0.0900","0.0900"
"2014/10/14","0.0900","0.0000","0.0900","0.0900","0.0900"
"2014/10/13","0.0900","0.0000","0.0900","0.0900","0.0900"
"2014/10/10","0.0900","350.0000","0.0900","0.0900","0.0900"
"2014/10/09","0.1200","3601.0000","0.1200","0.1200","0.1200"
"2014/10/08","0.1200","0.0000","0.1200","0.1200","0.1200"
"2014/10/07","0.1200","0.0000","0.1200","0.1200","0.1200"
"2014/10/06","0.1200","4599.0000","0.1200","0.1200","0.1200"
"2014/10/03","0.1200","0.0000","0.1200","0.1200","0.1200"
"2014/10/02","0.1200","250.0000","0.1200","0.1200","0.1200"
"2014/10/01","0.1100","0.0000","0.1100","0.1100","0.1100"
"2014/09/30","0.1100","0.0000","0.1100","0.1100","0.1100"
"2014/09/29","0.1100","0.0000","0.1100","0.1100","0.1100"
"2014/09/26","0.1100","0.0000","0.1100","0.1100","0.1100"
"2014/09/25","0.1100","0.0000","0.1100","0.1100","0.1100"
"2014/09/24","0.1100","0.0000","0.1100","0.1100","0.1100"
"2014/09/23","0.1100","6200.0000","0.1100","0.1100","0.1100"
"2014/09/22","0.1200","0.0000","0.1200","0.1200","0.1200"
"2014/09/19","0.1200","12250.0000","0.1200","0.1200","0.1100"
"2014/09/18","0.1200","9113.0000","0.1200","0.1200","0.1200"
"2014/09/17","0.1201","0.0000","0.1201","0.1201","0.1201"
"2014/09/16","0.1201","0.0000","0.1201","0.1201","0.1201"
"2014/09/15","0.1201","0.0000","0.1201","0.1201","0.1201"
"2014/09/12","0.1201","1000.0000","0.1201","0.1201","0.1201"
"2014/09/11","0.1900","0.0000","0.1900","0.1900","0.1900"
"2014/09/10","0.1900","4270.0000","0.2000","0.2000","0.1900"
"2014/09/09","0.1200","0.0000","0.1200","0.1200","0.1200"
"2014/09/08","0.1200","5000.0000","0.1166","0.1200","0.1166"
"2014/09/05","0.1150","0.0000","0.1150","0.1150","0.1150"
"2014/09/04","0.1150","0.0000","0.1150","0.1150","0.1150"
"2014/09/03","0.1150","0.0000","0.1150","0.1150","0.1150"
"2014/09/02","0.1150","0.0000","0.1150","0.1150","0.1150"
"2014/08/29","0.1150","0.0000","0.1150","0.1150","0.1150"
"2014/08/28","0.1150","5000.0000","0.1150","0.1150","0.1150"
"2014/08/27","0.1500","0.0000","0.1500","0.1500","0.1500"
"2014/08/26","0.1500","0.0000","0.1500","0.1500","0.1500"
"2014/08/25","0.1500","0.0000","0.1500","0.1500","0.1500"
"2014/08/22","0.1500","0.0000","0.1500","0.1500","0.1500"
"2014/08/21","0.1500","0.0000","0.1500","0.1500","0.1500"
"2014/08/20","0.1500","0.0000","0.1500","0.1500","0.1500"
"2014/08/19","0.1500","0.0000","0.1500","0.1500","0.1500"
"2014/08/18","0.1500","0.0000","0.1500","0.1500","0.1500"
"2014/08/15","0.1500","800.0000","0.1500","0.1500","0.1500"
"2014/08/14","0.1500","0.0000","0.1500","0.1500","0.1500"
"2014/08/13","0.1500","6000.0000","0.1500","0.1500","0.1500"
"2014/08/12","0.1500","2000.0000","0.1500","0.1500","0.1500"
"2014/08/11","0.1500","0.0000","0.1500","0.1500","0.1500"
"2014/08/08","0.1500","0.0000","0.1500","0.1500","0.1500"
"2014/08/07","0.1500","500.0000","0.1500","0.1500","0.1500"
"2014/08/06","0.1500","0.0000","0.1500","0.1500","0.1500"
"2014/08/05","0.1500","1000.0000","0.1500","0.1500","0.1500"
"2014/08/04","0.1500","0.0000","0.1500","0.1500","0.1500"
"2014/08/01","0.1500","0.0000","0.1500","0.1500","0.1500"
"2014/07/31","0.1500","0.0000","0.1500","0.1500","0.1500"
"2014/07/30","0.1500","0.0000","0.1500","0.1500","0.1500"
"2014/07/29","0.1500","0.0000","0.1500","0.1500","0.1500"
"2014/07/28","0.1500","250.0000","0.1500","0.1500","0.1500"
"2014/07/25","0.1500","312.0000","0.1500","0.1500","0.1500"
"2014/07/24","0.1500","0.0000","0.1500","0.1500","0.1500"
"2014/07/23","0.1500","0.0000","0.1500","0.1500","0.1500"
"2014/07/22","0.1500","0.0000","0.1500","0.1500","0.1500"
"2014/07/21","0.1500","8390.0000","0.1500","0.1500","0.1500"
"2014/07/18","0.1500","296.0000","0.1500","0.1500","0.1500"
"2014/07/17","0.1900","0.0000","0.1900","0.1900","0.1900"
"2014/07/16","0.1900","0.0000","0.1900","0.1900","0.1900"
"2014/07/15","0.1900","4000.0000","0.1900","0.1900","0.1900"
"2014/07/14","0.2000","2312.0000","0.2000","0.2000","0.2000"
"2014/07/11","0.2000","0.0000","0.2000","0.2000","0.2000"
"2014/07/10","0.2000","842.0000","0.2000","0.2000","0.2000"
"2014/07/09","0.1500","0.0000","0.1500","0.1500","0.1500"
"2014/07/08","0.1500","0.0000","0.1500","0.1500","0.1500"
"2014/07/07","0.1500","150.0000","0.1500","0.1500","0.1500"
"2014/07/03","0.1500","0.0000","0.1500","0.1500","0.1500"
"2014/07/02","0.1500","0.0000","0.1500","0.1500","0.1500"
"2014/07/01","0.1500","0.0000","0.1500","0.1500","0.1500"
"2014/06/30","0.1500","0.0000","0.1500","0.1500","0.1500"
"2014/06/27","0.1500","0.0000","0.1500","0.1500","0.1500"
"2014/06/26","0.1500","0.0000","0.1500","0.1500","0.1500"
"2014/06/25","0.1500","0.0000","0.1500","0.1500","0.1500"
"2014/06/24","0.1500","0.0000","0.1500","0.1500","0.1500"
"2014/06/23","0.1500","0.0000","0.1500","0.1500","0.1500"
"2014/06/20","0.1500","0.0000","0.1500","0.1500","0.1500"
"2014/06/19","0.1500","0.0000","0.1500","0.1500","0.1500"
"2014/06/18","0.1500","0.0000","0.1500","0.1500","0.1500"
"2014/06/17","0.1500","0.0000","0.1500","0.1500","0.1500"
"2014/06/16","0.1500","0.0000","0.1500","0.1500","0.1500"
"2014/06/13","0.1500","0.0000","0.1500","0.1500","0.1500"
"2014/06/12","0.1500","0.0000","0.1500","0.1500","0.1500"
"2014/06/11","0.1500","0.0000","0.1500","0.1500","0.1500"
"2014/06/10","0.1500","0.0000","0.1500","0.1500","0.1500"
"2014/06/09","0.1500","0.0000","0.1500","0.1500","0.1500"
"2014/06/06","0.1500","0.0000","0.1500","0.1500","0.1500"
"2014/06/05","0.1500","0.0000","0.1500","0.1500","0.1500"
"2014/06/04","0.1500","0.0000","0.1500","0.1500","0.1500"
"2014/06/03","0.1500","850.0000","0.1500","0.1500","0.1500"
"2014/06/02","0.1500","0.0000","0.1500","0.1500","0.1500"
"2014/05/30","0.1500","0.0000","0.1500","0.1500","0.1500"
"2014/05/29","0.1500","0.0000","0.1500","0.1500","0.1500"
"2014/05/28","0.1500","275.0000","0.1500","0.1500","0.1500"
"2014/05/27","0.1500","0.0000","0.1500","0.1500","0.1500"
"2014/05/23","0.1500","0.0000","0.1500","0.1500","0.1500"
"2014/05/22","0.1500","0.0000","0.1500","0.1500","0.1500"
"2014/05/21","0.1500","0.0000","0.1500","0.1500","0.1500"
"2014/05/20","0.1500","2500.0000","0.1500","0.1500","0.1500"
"2014/05/19","0.1500","0.0000","0.1500","0.1500","0.1500"
"2014/05/16","0.1500","0.0000","0.1500","0.1500","0.1500"
"2014/05/15","0.1500","1350.0000","0.1500","0.1500","0.1500"
"2014/05/14","0.3600","0.0000","0.3600","0.3600","0.3600"
"2014/05/13","0.3600","692.0000","0.3600","0.3600","0.3600"
"2014/05/12","0.3000","1350.0000","0.3000","0.3000","0.3000"
"2014/05/09","0.3000","100.0000","0.3000","0.3000","0.3000"
"2014/05/08","0.2000","2110.0000","0.3500","0.3500","0.2000"
"2014/05/07","0.2000","1400.0000","0.2000","0.2000","0.2000"
"2014/05/06","0.3800","0.0000","0.3800","0.3800","0.3800"
"2014/05/05","0.3800","0.0000","0.3800","0.3800","0.3800"
"2014/05/02","0.3800","0.0000","0.3800","0.3800","0.3800"
"2014/05/01","0.3800","0.0000","0.3800","0.3800","0.3800"
"2014/04/30","0.3800","3430.0000","0.3350","0.3800","0.2100"
"2014/04/29","0.1500","13200.0000","0.3350","0.3350","0.1500"
"2014/04/28","0.1000","12500.0000","0.3300","0.3350","0.1000"
"2014/04/25","0.3350","3290.0000","0.3450","0.3450","0.3350"
"2014/04/24","0.2400","3250.0000","0.2000","0.2400","0.2000"
"2014/04/23","0.1000","0.0000","0.1000","0.1000","0.1000"
"2014/04/22","0.1000","1650.0000","0.2400","0.2400","0.1000"
"2014/04/21","0.2400","400.0000","0.2400","0.2400","0.2400"
"2014/04/17","0.2400","400.0000","0.2400","0.2400","0.2400"
"2014/04/16","0.2500","400.0000","0.2500","0.2500","0.2500"
"2014/04/15","0.1000","600.0000","0.1500","0.1500","0.1000"
"2014/04/14","0.2000","2000.0000","0.2000","0.2000","0.2000"
"2014/04/11","0.3450","0.0000","0.3450","0.3450","0.3450"
"2014/04/10","0.3450","3250.0000","0.3000","0.3450","0.3000"
"2014/04/09","0.3900","0.0000","0.3900","0.3900","0.3900"
"2014/04/08","0.3900","300.0000","0.3000","0.3900","0.3000"
"2014/04/07","0.4000","0.0000","0.4000","0.4000","0.4000"
"2014/04/04","0.4000","0.0000","0.4000","0.4000","0.4000"
"2014/04/03","0.4000","3650.0000","0.1500","0.4000","0.1500"
"2014/04/02","0.2000","500.0000","0.2500","0.2500","0.2000"
"2014/04/01","0.1500","1000.0000","0.1500","0.1500","0.1500"
"2014/03/31","0.2500","1400.0000","0.0600","0.2500","0.0600"
"2014/03/28","0.2500","950.0000","0.0525","0.2500","0.0525"
"2014/03/27","0.2500","3850.0000","0.0301","0.2500","0.0301"
"2014/03/26","0.2500","1000.0000","0.2500","0.2500","0.2500"
"2014/03/25","0.2500","400.0000","0.2500","0.2500","0.2500"
"2014/03/24","0.2500","6150.0000","0.2500","0.2500","0.2000"
"2014/03/21","0.2333","0.0000","0.2333","0.2333","0.2333"
"2014/03/20","0.2333","3500.0000","0.2333","0.2500","0.2333"
"2014/03/19","0.2500","7500.0000","0.2500","0.2500","0.2500"
"2014/03/18","0.3000","1500.0000","0.3000","0.3000","0.3000"
"2014/03/17","0.3000","400.0000","0.3000","0.3000","0.3000"
"2014/03/14","0.2500","1350.0000","0.3000","0.3000","0.2500"
"2014/03/13","0.3000","3200.0000","0.3000","0.3000","0.2926"
"2014/03/12","0.3000","7500.0000","0.3100","0.3100","0.3000"
"2014/03/11","0.4000","0.0000","0.4000","0.4000","0.4000"
"2014/03/10","0.4000","100.0000","0.4000","0.4000","0.4000"
"2014/03/07","0.4000","500.0000","0.4000","0.4000","0.4000"
"2014/03/06","0.3900","1250.0000","0.4000","0.4000","0.3900"
"2014/03/05","0.3100","6750.0000","0.3100","0.3100","0.3100"
"2014/03/04","0.4000","0.0000","0.4000","0.4000","0.4000"
"2014/03/03","0.4000","450.0000","0.4000","0.4000","0.4000"
"2014/02/28","0.4000","0.0000","0.4000","0.4000","0.4000"
"2014/02/27","0.4000","300.0000","0.4000","0.4000","0.4000"
"2014/02/26","0.3100","11220.0000","0.3800","0.3800","0.3100"
"2014/02/25","0.4200","600.0000","0.4200","0.4200","0.4200"
"2014/02/24","0.4250","1000.0000","0.4250","0.4250","0.4250"
"2014/02/21","0.4000","2200.0000","0.4000","0.4000","0.4000"
"2014/02/20","0.3800","1000.0000","0.3800","0.3800","0.3800"
"2014/02/19","0.3500","1150.0000","0.3500","0.3500","0.3500"
"2014/02/18","0.4500","0.0000","0.4500","0.4500","0.4500"
"2014/02/14","0.4500","0.0000","0.4500","0.4500","0.4500"
"2014/02/13","0.4500","1000.0000","0.4500","0.4500","0.4500"
"2014/02/12","0.3500","5000.0000","0.3500","0.3500","0.3500"
"2014/02/11","0.4500","0.0000","0.4500","0.4500","0.4500"
"2014/02/10","0.4500","0.0000","0.4500","0.4500","0.4500"
"2014/02/07","0.4500","1100.0000","0.4500","0.4500","0.4500"
"2014/02/06","0.4400","0.0000","0.4400","0.4400","0.4400"
"2014/02/05","0.4400","5050.0000","0.4400","0.4400","0.4400"
"2014/02/04","0.4491","950.0000","0.4493","0.4493","0.4491"
"2014/02/03","0.4000","0.0000","0.4000","0.4000","0.4000"
"2014/01/31","0.4000","15250.0000","0.4000","0.4000","0.4000"
"2014/01/30","0.4299","0.0000","0.4299","0.4299","0.4299"
"2014/01/29","0.4299","12700.0000","0.3500","0.4299","0.3500"
"2014/01/28","0.4300","17000.0000","0.4400","0.4500","0.4300"
"2014/01/27","0.4400","24860.0000","0.4000","0.4500","0.4000"
"2014/01/24","0.4000","0.0000","0.4000","0.4000","0.4000"
"2014/01/23","0.4000","1115.0000","0.4200","0.4200","0.4000"
"2014/01/22","0.3500","20322.0000","0.4000","0.4000","0.3500"
"2014/01/21","0.4200","850.0000","0.4200","0.4200","0.4200"
"2014/01/17","0.4200","1450.0000","0.4200","0.4200","0.4200"
"2014/01/16","0.4000","8000.0000","0.4300","0.4300","0.4000"
"2014/01/15","0.4450","1000.0000","0.4450","0.4450","0.4450"
"2014/01/14","0.4450","3100.0000","0.4450","0.4450","0.4450"
"2014/01/13","0.4300","7600.0000","0.4450","0.4450","0.4300"
"2014/01/10","0.4500","0.0000","0.4500","0.4500","0.4500"
"2014/01/09","0.4500","2000.0000","0.4500","0.4500","0.4500"
"2014/01/08","0.4300","1900.0000","0.4400","0.4400","0.4300"
"2014/01/07","0.4500","5500.0000","0.4500","0.4500","0.4500"
"2014/01/06","0.4500","200.0000","0.4500","0.4500","0.4500"
"2014/01/03","0.4500","0.0000","0.4500","0.4500","0.4500"
"2014/01/02","0.4500","11670.0000","0.4500","0.4500","0.4500"
"2013/12/31","0.4500","22556.0000","0.4800","0.4800","0.4500"
"2013/12/30","0.4800","56564.0000","0.4300","0.5000","0.4300"
"2013/12/27","0.5000","61145.0000","0.4000","0.5200","0.4000"
"2013/12/26","0.3500","3025.0000","0.4300","0.4300","0.3500"
"2013/12/24","0.3300","0.0000","0.3300","0.3300","0.3300"
"2013/12/23","0.3300","115291.0000","0.3000","0.5000","0.3000"
"2013/12/20","0.2800","58200.0000","0.2900","0.3000","0.2800"
"2013/12/19","0.2800","0.0000","0.2800","0.2800","0.2800"
"2013/12/18","0.2800","14513.0000","0.2800","0.3000","0.2800"
"2013/12/17","0.3000","22900.0000","0.2500","0.3000","0.2500"
"2013/12/16","0.2500","0.0000","0.2500","0.2500","0.2500"
"2013/12/13","0.2500","0.0000","0.2500","0.2500","0.2500"
"2013/12/12","0.2500","0.0000","0.2500","0.2500","0.2500"
"2013/12/11","0.2500","34500.0000","0.2500","0.2500","0.2500"
"2013/12/10","0.2400","6565.0000","0.2100","0.2400","0.2100"
"2013/12/09","0.2300","5000.0000","0.2200","0.2300","0.2200"
"2013/12/06","0.2000","5000.0000","0.2000","0.2000","0.2000"
"2013/12/05","0.2300","0.0000","0.2300","0.2300","0.2300"
"2013/12/04","0.2300","0.0000","0.2300","0.2300","0.2300"
"2013/12/03","0.2300","5000.0000","0.2300","0.2300","0.2300"
"2013/12/02","0.2000","10134.0000","0.2300","0.2300","0.2000"
"2013/11/29","0.2300","0.0000","0.2300","0.2300","0.2300"
"2013/11/27","0.2300","3434.0000","0.2300","0.2300","0.2300"
"2013/11/26","0.2360","0.0000","0.2360","0.2360","0.2360"
"2013/11/25","0.2360","3000.0000","0.2360","0.2360","0.2360"
"2013/11/22","0.2300","3000.0000","0.2300","0.2300","0.2300"
"2013/11/21","0.2100","0.0000","0.2100","0.2100","0.2100"
"2013/11/20","0.2100","2500.0000","0.2360","0.2360","0.2100"
"2013/11/19","0.2100","0.0000","0.2100","0.2100","0.2100"
"2013/11/18","0.2100","0.0000","0.2100","0.2100","0.2100"
"2013/11/15","0.2100","300.0000","0.2100","0.2100","0.2100"
"2013/11/14","0.2300","0.0000","0.2300","0.2300","0.2300"
"2013/11/13","0.2300","0.0000","0.2300","0.2300","0.2300"
"2013/11/12","0.2300","0.0000","0.2300","0.2300","0.2300"
"2013/11/11","0.2300","0.0000","0.2300","0.2300","0.2300"
"2013/11/08","0.2300","10100.0000","0.2100","0.2300","0.2100"
"2013/11/07","0.2150","3120.0000","0.2150","0.2150","0.2150"
"2013/11/06","0.2300","0.0000","0.2300","0.2300","0.2300"
"2013/11/05","0.2300","0.0000","0.2300","0.2300","0.2300"
"2013/11/04","0.2300","0.0000","0.2300","0.2300","0.2300"
"2013/11/01","0.2300","0.0000","0.2300","0.2300","0.2300"
"2013/10/31","0.2300","0.0000","0.2300","0.2300","0.2300"
"2013/10/30","0.2300","0.0000","0.2300","0.2300","0.2300"
"2013/10/29","0.2300","2500.0000","0.2300","0.2300","0.2300"
"2013/10/28","0.2300","12250.0000","0.2400","0.2400","0.2300"
"2013/10/25","0.2200","10250.0000","0.2200","0.2200","0.2200"
"2013/10/24","0.2100","0.0000","0.2100","0.2100","0.2100"
"2013/10/23","0.2100","6000.0000","0.2100","0.2100","0.2100"
"2013/10/22","0.2400","0.0000","0.2400","0.2400","0.2400"
"2013/10/21","0.2400","15700.0000","0.2000","0.2400","0.2000"
"2013/10/18","0.2200","10000.0000","0.2200","0.2200","0.2200"
"2013/10/17","0.2200","14000.0000","0.2100","0.2200","0.2100"
"2013/10/16","0.1700","18658.0000","0.1700","0.1700","0.1700"
"2013/10/15","0.1700","40000.0000","0.1700","0.1700","0.1700"
"2013/10/14","0.1510","0.0000","0.1510","0.1510","0.1510"
"2013/10/11","0.1510","4500.0000","0.1510","0.1510","0.1510"
"2013/10/10","0.1500","25900.0000","0.1600","0.1600","0.1500"
"2013/10/09","0.1800","1550.0000","0.2600","0.2600","0.1800"
"2013/10/08","0.1600","62000.0000","0.1400","0.1800","0.1400"
"2013/10/07","0.1300","10000.0000","0.1300","0.1300","0.1300"
"2013/10/04","0.1400","107500.0000","0.1800","0.1800","0.1300"
"2013/10/03","0.2000","48600.0000","0.1000","0.3450","0.1000"
"2013/10/02","0.1000","60000.0000","0.0950","0.1000","0.0950"
"2013/10/01","0.0950","71600.0000","0.0900","0.0950","0.0900"
"2013/09/30","0.0800","0.0000","0.0800","0.0800","0.0800"
"2013/09/27","0.0800","0.0000","0.0800","0.0800","0.0800"
"2013/09/26","0.0800","0.0000","0.0800","0.0800","0.0800"
"2013/09/25","0.0800","45402.0000","0.0850","0.0850","0.0800"
"2013/09/24","0.0850","0.0000","0.0850","0.0850","0.0850"
"2013/09/23","0.0850","2500.0000","0.0850","0.0850","0.0850"
"2013/09/20","0.0850","6020.0000","0.0900","0.0900","0.0850"
"2013/09/19","0.0850","91050.0000","0.0900","0.1000","0.0850"
"2013/09/18","0.0710","73255.0000","0.0800","0.0800","0.0710"
"2013/09/17","0.0800","179806.0000","0.0689","0.0800","0.0689"
"2013/09/16","0.0800","47350.0000","0.0800","0.0800","0.0689"
"2013/09/13","0.0800","5000.0000","0.0800","0.0800","0.0800"
"2013/09/12","0.0800","0.0000","0.0800","0.0800","0.0800"
"2013/09/11","0.0800","0.0000","0.0800","0.0800","0.0800"
"2013/09/10","0.0800","1335.0000","0.0620","0.0800","0.0620"
"2013/09/09","0.0750","0.0000","0.0750","0.0750","0.0750"
"2013/09/06","0.0750","0.0000","0.0750","0.0750","0.0750"
"2013/09/05","0.0750","0.0000","0.0750","0.0750","0.0750"
"2013/09/04","0.0750","0.0000","0.0750","0.0750","0.0750"
"2013/09/03","0.0750","2500.0000","0.0620","0.0750","0.0620"
"2013/08/30","0.0620","0.0000","0.0620","0.0620","0.0620"
"2013/08/29","0.0620","300.0000","0.0620","0.0620","0.0620"
"2013/08/28","0.0750","0.0000","0.0750","0.0750","0.0750"
"2013/08/27","0.0750","0.0000","0.0750","0.0750","0.0750"
"2013/08/26","0.0750","2600.0000","0.0620","0.0750","0.0620"
"2013/08/23","0.0800","0.0000","0.0800","0.0800","0.0800"
"2013/08/22","0.0800","5000.0000","0.0620","0.0800","0.0620"
"2013/08/21","0.0800","6000.0000","0.0620","0.0800","0.0620"
"2013/08/20","0.0800","100.0000","0.0800","0.0800","0.0800"
"2013/08/19","0.0800","0.0000","0.0800","0.0800","0.0800"
"2013/08/16","0.0800","2500.0000","0.0800","0.0800","0.0800"
"2013/08/15","0.0620","150.0000","0.0620","0.0620","0.0620"
"2013/08/14","0.0620","0.0000","0.0620","0.0620","0.0620"
"2013/08/13","0.0620","0.0000","0.0620","0.0620","0.0620"
"2013/08/12","0.0620","0.0000","0.0620","0.0620","0.0620"
"2013/08/09","0.0620","0.0000","0.0620","0.0620","0.0620"
"2013/08/08","0.0620","0.0000","0.0620","0.0620","0.0620"
"2013/08/07","0.0620","1900.0000","0.0620","0.0620","0.0620"
"2013/08/06","0.0620","0.0000","0.0620","0.0620","0.0620"
"2013/08/05","0.0620","3000.0000","0.0620","0.0620","0.0620"
"2013/08/02","0.0620","0.0000","0.0620","0.0620","0.0620"
"2013/08/01","0.0620","100.0000","0.0620","0.0620","0.0620"
"2013/07/31","0.0620","0.0000","0.0620","0.0620","0.0620"
"2013/07/30","0.0620","0.0000","0.0620","0.0620","0.0620"
"2013/07/29","0.0620","0.0000","0.0620","0.0620","0.0620"
"2013/07/26","0.0620","500.0000","0.0620","0.0620","0.0620"
"2013/07/25","0.0620","0.0000","0.0620","0.0620","0.0620"
"2013/07/24","0.0620","343.0000","0.0620","0.0620","0.0620"
"2013/07/23","0.0800","0.0000","0.0800","0.0800","0.0800"
"2013/07/22","0.0800","0.0000","0.0800","0.0800","0.0800"
"2013/07/19","0.0800","1000.0000","0.0620","0.0800","0.0620"
"2013/07/18","0.0800","0.0000","0.0800","0.0800","0.0800"
"2013/07/17","0.0800","0.0000","0.0800","0.0800","0.0800"
"2013/07/16","0.0800","0.0000","0.0800","0.0800","0.0800"
"2013/07/15","0.0800","3500.0000","0.0600","0.0800","0.0600"
"2013/07/12","0.0800","0.0000","0.0800","0.0800","0.0800"
"2013/07/11","0.0800","0.0000","0.0800","0.0800","0.0800"
"2013/07/10","0.0800","0.0000","0.0800","0.0800","0.0800"
"2013/07/09","0.0800","1000.0000","0.0800","0.0800","0.0800"
"2013/07/08","0.0600","3200.0000","0.0600","0.0600","0.0600"
"2013/07/05","0.0800","0.0000","0.0800","0.0800","0.0800"
"2013/07/03","0.0800","0.0000","0.0800","0.0800","0.0800"
"2013/07/02","0.0800","0.0000","0.0800","0.0800","0.0800"
"2013/07/01","0.0800","0.0000","0.0800","0.0800","0.0800"
"2013/06/28","0.0800","0.0000","0.0800","0.0800","0.0800"
"2013/06/27","0.0800","0.0000","0.0800","0.0800","0.0800"
"2013/06/26","0.0800","0.0000","0.0800","0.0800","0.0800"
"2013/06/25","0.0800","0.0000","0.0800","0.0800","0.0800"
"2013/06/24","0.0800","0.0000","0.0800","0.0800","0.0800"
"2013/06/21","0.0800","0.0000","0.0800","0.0800","0.0800"
"2013/06/20","0.0800","4200.0000","0.0600","0.0800","0.0600"
"2013/06/19","0.0800","0.0000","0.0800","0.0800","0.0800"
"2013/06/18","0.0800","0.0000","0.0800","0.0800","0.0800"
"2013/06/17","0.0800","0.0000","0.0800","0.0800","0.0800"
"2013/06/14","0.0800","0.0000","0.0800","0.0800","0.0800"
"2013/06/13","0.0800","0.0000","0.0800","0.0800","0.0800"
"2013/06/12","0.0800","0.0000","0.0800","0.0800","0.0800"
"2013/06/11","0.0800","0.0000","0.0800","0.0800","0.0800"
"2013/06/10","0.0800","0.0000","0.0800","0.0800","0.0800"
"2013/06/07","0.0800","0.0000","0.0800","0.0800","0.0800"
"2013/06/06","0.0800","0.0000","0.0800","0.0800","0.0800"
"2013/06/05","0.0800","0.0000","0.0800","0.0800","0.0800"
"2013/06/04","0.0800","0.0000","0.0800","0.0800","0.0800"
"2013/06/03","0.0800","0.0000","0.0800","0.0800","0.0800"
"2013/05/31","0.0800","150.0000","0.0800","0.0800","0.0800"
"2013/05/30","0.0800","0.0000","0.0800","0.0800","0.0800"
"2013/05/29","0.0800","0.0000","0.0800","0.0800","0.0800"
"2013/05/28","0.0800","1290.0000","0.0600","0.0800","0.0600"
"2013/05/24","0.0800","0.0000","0.0800","0.0800","0.0800"
"2013/05/23","0.0800","0.0000","0.0800","0.0800","0.0800"
"2013/05/22","0.0800","0.0000","0.0800","0.0800","0.0800"
"2013/05/21","0.0800","9300.0000","0.0800","0.0800","0.0600"
"2013/05/20","0.0800","0.0000","0.0800","0.0800","0.0800"
"2013/05/17","0.0800","0.0000","0.0800","0.0800","0.0800"
"2013/05/16","0.0800","650.0000","0.0600","0.0800","0.0600"
"2013/05/15","0.0800","0.0000","0.0800","0.0800","0.0800"
"2013/05/14","0.0800","1000.0000","0.0800","0.0800","0.0800"
"2013/05/13","0.0800","0.0000","0.0800","0.0800","0.0800"
"2013/05/10","0.0800","10300.0000","0.0600","0.0800","0.0600"
"2013/05/09","0.0600","2500.0000","0.0600","0.0600","0.0600"
"2013/05/08","0.0600","23400.0000","0.0600","0.0700","0.0600"
"2013/05/07","0.0800","0.0000","0.0800","0.0800","0.0800"
"2013/05/06","0.0800","0.0000","0.0800","0.0800","0.0800"
"2013/05/03","0.0800","0.0000","0.0800","0.0800","0.0800"
"2013/05/02","0.0800","0.0000","0.0800","0.0800","0.0800"
"2013/05/01","0.0700","0.0000","0.0700","0.0700","0.0700"
"2013/04/30","0.0700","0.0000","0.0700","0.0700","0.0700"
"2013/04/29","0.0700","1000.0000","0.0700","0.0700","0.0700"
"2013/04/26","0.0700","20000.0000","0.0700","0.0700","0.0700"
"2013/04/25","0.0800","0.0000","0.0800","0.0800","0.0800"
"2013/04/24","0.0800","300.0000","0.0800","0.0800","0.0800"
"2013/04/23","0.0800","0.0000","0.0800","0.0800","0.0800"
"2013/04/22","0.0800","400.0000","0.0600","0.0800","0.0600"
"2013/04/19","0.0800","0.0000","0.0800","0.0800","0.0800"
"2013/04/18","0.0800","0.0000","0.0800","0.0800","0.0800"
"2013/04/17","0.0800","0.0000","0.0800","0.0800","0.0800"
"2013/04/16","0.0800","0.0000","0.0800","0.0800","0.0800"
"2013/04/15","0.0800","0.0000","0.0800","0.0800","0.0800"
"2013/04/12","0.0800","0.0000","0.0800","0.0800","0.0800"
"2013/04/11","0.0800","0.0000","0.0800","0.0800","0.0800"
"2013/04/10","0.0800","0.0000","0.0800","0.0800","0.0800"
"2013/04/09","0.0800","250.0000","0.0600","0.0800","0.0600"
"2013/04/08","0.0800","0.0000","0.0800","0.0800","0.0800"
"2013/04/05","0.0800","0.0000","0.0800","0.0800","0.0800"
"2013/04/04","0.0800","0.0000","0.0800","0.0800","0.0800"
"2013/04/03","0.0800","10000.0000","0.0800","0.0800","0.0800"
"2013/04/02","0.0900","0.0000","0.0900","0.0900","0.0900"
"2013/04/01","0.0900","0.0000","0.0900","0.0900","0.0900"
"2013/03/28","0.0900","100.0000","0.0900","0.0900","0.0900"
"2013/03/27","0.0600","1500.0000","0.0600","0.0600","0.0600"
"2013/03/26","0.0900","0.0000","0.0900","0.0900","0.0900"
"2013/03/25","0.0900","0.0000","0.0900","0.0900","0.0900"
"2013/03/22","0.0900","0.0000","0.0900","0.0900","0.0900"
"2013/03/21","0.0900","0.0000","0.0900","0.0900","0.0900"
"2013/03/20","0.0900","0.0000","0.0900","0.0900","0.0900"
"2013/03/19","0.0900","200.0000","0.0600","0.0900","0.0600"
"2013/03/18","0.0900","10100.0000","0.0600","0.0900","0.0600"
"2013/03/15","0.0700","10000.0000","0.0700","0.0700","0.0700"
"2013/03/14","0.0700","5000.0000","0.0700","0.0700","0.0700"
"2013/03/13","0.0970","0.0000","0.0970","0.0970","0.0970"
"2013/03/12","0.0970","0.0000","0.0970","0.0970","0.0970"
"2013/03/11","0.0970","6625.0000","0.0970","0.0970","0.0700"
"2013/03/08","0.1000","1700.0000","0.0700","0.1000","0.0700"
"2013/03/07","0.0700","175.0000","0.0700","0.0700","0.0700"
"2013/03/06","0.0700","0.0000","0.0700","0.0700","0.0700"
"2013/03/05","0.0700","3750.0000","0.0700","0.0700","0.0700"
"2013/03/04","0.0700","0.0000","0.0700","0.0700","0.0700"
"2013/03/01","0.0700","0.0000","0.0700","0.0700","0.0700"
"2013/02/28","0.0700","650.0000","0.0700","0.0700","0.0700"
"2013/02/27","0.0700","0.0000","0.0700","0.0700","0.0700"
"2013/02/26","0.0700","4000.0000","0.0700","0.0700","0.0700"
"2013/02/25","0.1000","200.0000","0.1000","0.1000","0.1000"
"2013/02/22","0.0700","0.0000","0.0700","0.0700","0.0700"
"2013/02/21","0.0700","0.0000","0.0700","0.0700","0.0700"
"2013/02/20","0.0700","5088.0000","0.0700","0.0700","0.0700"
"2013/02/19","0.1025","0.0000","0.1025","0.1025","0.1025"
"2013/02/15","0.1025","300.0000","0.1025","0.1025","0.1025"
"2013/02/14","0.0700","2395.0000","0.0700","0.0700","0.0700"
"2013/02/13","0.0700","0.0000","0.0700","0.0700","0.0700"
"2013/02/12","0.0700","200.0000","0.0900","0.0900","0.0700"
"2013/02/11","0.1100","0.0000","0.1100","0.1100","0.1100"
"2013/02/08","0.1100","0.0000","0.1100","0.1100","0.1100"
"2013/02/07","0.1100","100.0000","0.1100","0.1100","0.1100"
"2013/02/06","0.1025","585.0000","0.1100","0.1100","0.0700"
"2013/02/05","0.1100","22060.0000","0.1100","0.1100","0.0800"
"2013/02/04","0.0800","125.0000","0.0800","0.0800","0.0800"
"2013/02/01","0.1025","0.0000","0.1025","0.1025","0.1025"
"2013/01/31","0.1025","0.0000","0.1025","0.1025","0.1025"
"2013/01/30","0.1025","5350.0000","0.0800","0.1025","0.0800"
"2013/01/29","0.0900","0.0000","0.0900","0.0900","0.0900"
"2013/01/28","0.0900","6500.0000","0.0800","0.0900","0.0800"
"2013/01/25","0.0900","0.0000","0.0900","0.0900","0.0900"
"2013/01/24","0.0900","0.0000","0.0900","0.0900","0.0900"
"2013/01/23","0.0900","9429.0000","0.1100","0.1100","0.0900"
"2013/01/22","0.0900","20000.0000","0.1000","0.1000","0.0900"
"2013/01/18","0.1100","0.0000","0.1100","0.1100","0.1100"
"2013/01/17","0.1100","0.0000","0.1100","0.1100","0.1100"
"2013/01/16","0.1100","0.0000","0.1100","0.1100","0.1100"
"2013/01/15","0.1100","1350.0000","0.0900","0.1100","0.0900"
"2013/01/14","0.1100","15100.0000","0.1000","0.1100","0.1000"
"2013/01/11","0.1200","0.0000","0.1200","0.1200","0.1200"
"2013/01/10","0.1200","1000.0000","0.1200","0.1200","0.1200"
"2013/01/09","0.1200","600.0000","0.0900","0.1200","0.0900"
"2013/01/08","0.1200","0.0000","0.1200","0.1200","0.1200"
"2013/01/07","0.1200","0.0000","0.1200","0.1200","0.1200"
"2013/01/04","0.1200","0.0000","0.1200","0.1200","0.1200"
"2013/01/03","0.1200","0.0000","0.1200","0.1200","0.1200"
"2013/01/02","0.1200","1000.0000","0.1200","0.1200","0.1200"
"2012/12/31","0.0900","13199.0000","0.0900","0.0900","0.0900"
"2012/12/28","0.1200","0.0000","0.1200","0.1200","0.1200"
"2012/12/27","0.1200","0.0000","0.1200","0.1200","0.1200"
"2012/12/26","0.1200","0.0000","0.1200","0.1200","0.1200"
"2012/12/24","0.1200","500.0000","0.1200","0.1200","0.1200"
"2012/12/21","0.0800","375.0000","0.0800","0.0800","0.0800"
"2012/12/20","0.1200","200.0000","0.0800","0.1200","0.0800"
"2012/12/19","0.1200","0.0000","0.1200","0.1200","0.1200"
"2012/12/18","0.1200","0.0000","0.1200","0.1200","0.1200"
"2012/12/17","0.1200","0.0000","0.1200","0.1200","0.1200"
"2012/12/14","0.1200","200.0000","0.1000","0.1200","0.1000"
"2012/12/13","0.1300","0.0000","0.1300","0.1300","0.1300"
"2012/12/12","0.1300","0.0000","0.1300","0.1300","0.1300"
"2012/12/11","0.1300","0.0000","0.1300","0.1300","0.1300"
"2012/12/10","0.1300","0.0000","0.1300","0.1300","0.1300"
"2012/12/07","0.1300","0.0000","0.1300","0.1300","0.1300"
"2012/12/06","0.1300","0.0000","0.1300","0.1300","0.1300"
"2012/12/05","0.1300","0.0000","0.1300","0.1300","0.1300"
"2012/12/04","0.1300","0.0000","0.1300","0.1300","0.1300"
"2012/12/03","0.1300","100.0000","0.1300","0.1300","0.1300"
"2012/11/30","0.1300","1100.0000","0.1000","0.1300","0.1000"
"2012/11/29","0.1300","700.0000","0.1000","0.1300","0.1000"
"2012/11/28","0.1300","0.0000","0.1300","0.1300","0.1300"
"2012/11/27","0.1300","0.0000","0.1300","0.1300","0.1300"
"2012/11/26","0.1300","1100.0000","0.1000","0.1300","0.1000"
"2012/11/23","0.1300","0.0000","0.1300","0.1300","0.1300"
"2012/11/21","0.1300","8500.0000","0.1000","0.1300","0.1000"
"2012/11/20","0.1300","0.0000","0.1300","0.1300","0.1300"
"2012/11/19","0.1300","21000.0000","0.1000","0.1300","0.1000"
"2012/11/16","0.1500","0.0000","0.1500","0.1500","0.1500"
"2012/11/15","0.1500","0.0000","0.1500","0.1500","0.1500"
"2012/11/14","0.1500","1500.0000","0.1000","0.1500","0.1000"
"2012/11/13","0.1500","4150.0000","0.1000","0.1800","0.1000"
"2012/11/12","0.1400","4750.0000","0.1000","0.1400","0.1000"
"2012/11/09","0.1400","11700.0000","0.1000","0.1400","0.1000"
"2012/11/08","0.1400","0.0000","0.1400","0.1400","0.1400"
"2012/11/07","0.1400","18000.0000","0.1000","0.1400","0.1000"
"2012/11/06","0.1400","600.0000","0.1400","0.1400","0.1400"
"2012/11/05","0.0800","13943.0000","0.1000","0.1000","0.0800"
"2012/11/02","0.1700","0.0000","0.1700","0.1700","0.1700"
"2012/11/01","0.1700","0.0000","0.1700","0.1700","0.1700"
"2012/10/31","0.1700","300.0000","0.0800","0.1700","0.0800"
"2012/10/26","0.1800","0.0000","0.1800","0.1800","0.1800"
"2012/10/25","0.1800","600.0000","0.1500","0.1800","0.1500"
"2012/10/24","0.0850","3500.0000","0.0850","0.0850","0.0850"
"2012/10/23","0.1990","0.0000","0.1990","0.1990","0.1990"
"2012/10/22","0.1990","0.0000","0.1990","0.1990","0.1990"
"2012/10/19","0.1990","0.0000","0.1990","0.1990","0.1990"
"2012/10/18","0.1990","0.0000","0.1990","0.1990","0.1990"
"2012/10/17","0.1990","0.0000","0.1990","0.1990","0.1990"
"2012/10/16","0.1990","0.0000","0.1990","0.1990","0.1990"
"2012/10/15","0.1990","600.0000","0.0750","0.1990","0.0750"
"2012/10/12","0.2100","0.0000","0.2100","0.2100","0.2100"
"2012/10/11","0.2100","0.0000","0.2100","0.2100","0.2100"
"2012/10/10","0.2100","0.0000","0.2100","0.2100","0.2100"
"2012/10/09","0.2100","0.0000","0.2100","0.2100","0.2100"
"2012/10/08","0.2100","200.0000","0.2100","0.2100","0.2100"
"2012/10/05","0.2100","0.0000","0.2100","0.2100","0.2100"
"2012/10/04","0.2100","7600.0000","0.0800","0.2100","0.0800"
"2012/10/03","0.2200","0.0000","0.2200","0.2200","0.2200"
"2012/10/02","0.2200","0.0000","0.2200","0.2200","0.2200"
"2012/10/01","0.2200","0.0000","0.2200","0.2200","0.2200"
"2012/09/28","0.2200","0.0000","0.2200","0.2200","0.2200"
"2012/09/27","0.2200","500.0000","0.0750","0.2200","0.0750"
"2012/09/26","0.2200","1200.0000","0.2200","0.2200","0.0750"
"2012/09/25","0.1200","0.0000","0.1200","0.1200","0.1200"
"2012/09/24","0.1200","0.0000","0.1200","0.1200","0.1200"
"2012/09/21","0.1200","0.0000","0.1200","0.1200","0.1200"
"2012/09/20","0.1200","0.0000","0.1200","0.1200","0.1200"
"2012/09/19","0.1200","11600.0000","0.0940","0.1200","0.0940"
"2012/09/18","0.1200","0.0000","0.1200","0.1200","0.1200"
"2012/09/17","0.1200","0.0000","0.1200","0.1200","0.1200"
"2012/09/14","0.1200","0.0000","0.1200","0.1200","0.1200"
"2012/09/13","0.1200","6300.0000","0.0600","0.1200","0.0600"
"2012/09/12","0.1000","0.0000","0.1000","0.1000","0.1000"
"2012/09/11","0.1000","29695.0000","0.0500","0.1000","0.0500"
"2012/09/10","0.0800","0.0000","0.0800","0.0800","0.0800"
"2012/09/07","0.0800","21100.0000","0.0700","0.0800","0.0700"
"2012/09/06","0.0752","0.0000","0.0752","0.0752","0.0752"
"2012/09/05","0.0752","300.0000","0.0752","0.0752","0.0752"
"2012/09/04","0.1300","0.0000","0.1300","0.1300","0.1300"
"2012/08/31","0.1300","0.0000","0.1300","0.1300","0.1300"
"2012/08/30","0.1300","0.0000","0.1300","0.1300","0.1300"
"2012/08/29","0.1300","0.0000","0.1300","0.1300","0.1300"
"2012/08/28","0.1300","1500.0000","0.0750","0.1300","0.0750"
"2012/08/27","0.1300","19400.0000","0.0850","0.1400","0.0750"
"2012/08/24","0.1400","7100.0000","0.0850","0.1400","0.0850"
"2012/08/23","0.1450","0.0000","0.1450","0.1450","0.1450"
"2012/08/22","0.1450","0.0000","0.1450","0.1450","0.1450"
"2012/08/21","0.1450","0.0000","0.1450","0.1450","0.1450"
"2012/08/20","0.1450","2100.0000","0.0850","0.1450","0.0850"
"2012/08/17","0.1480","0.0000","0.1480","0.1480","0.1480"
"2012/08/16","0.1480","0.0000","0.1480","0.1480","0.1480"
"2012/08/15","0.1480","0.0000","0.1480","0.1480","0.1480"
"2012/08/14","0.1480","1500.0000","0.0850","0.1480","0.0850"
"2012/08/13","0.0950","4151.0000","0.0850","0.0950","0.0850"
"2012/08/10","0.0950","0.0000","0.0950","0.0950","0.0950"
"2012/08/09","0.0950","5000.0000","0.0950","0.0950","0.0950"
"2012/08/08","0.0950","250.0000","0.0950","0.0950","0.0950"
"2012/08/07","0.0950","0.0000","0.0950","0.0950","0.0950"
"2012/08/06","0.0950","1000.0000","0.0950","0.0950","0.0950"
"2012/08/03","0.1000","8000.0000","0.1000","0.1000","0.1000"
"2012/08/02","0.1500","0.0000","0.1500","0.1500","0.1500"
"2012/08/01","0.1500","0.0000","0.1500","0.1500","0.1500"
"2012/07/31","0.1500","0.0000","0.1500","0.1500","0.1500"
"2012/07/30","0.1500","0.0000","0.1500","0.1500","0.1500"
"2012/07/27","0.1500","600.0000","0.0950","0.1500","0.0950"
"2012/07/26","0.1500","7401.0000","0.0950","0.1500","0.0950"
"2012/07/25","0.1400","0.0000","0.1400","0.1400","0.1400"
"2012/07/24","0.1400","0.0000","0.1400","0.1400","0.1400"
"2012/07/23","0.1400","0.0000","0.1400","0.1400","0.1400"
"2012/07/20","0.1400","500.0000","0.1400","0.1400","0.1400"
"2012/07/19","0.1500","0.0000","0.1500","0.1500","0.1500"
"2012/07/18","0.1500","13650.0000","0.1500","0.1500","0.0900"
"2012/07/17","0.1000","0.0000","0.1000","0.1000","0.1000"
"2012/07/16","0.1000","0.0000","0.1000","0.1000","0.1000"
"2012/07/13","0.1000","16480.0000","0.0900","0.1000","0.0900"
"2012/07/12","0.1000","11000.0000","0.0900","0.1000","0.0900"
"2012/07/11","0.1000","16600.0000","0.1010","0.1010","0.1000"
"2012/07/10","0.1400","0.0000","0.1400","0.1400","0.1400"
"2012/07/09","0.1400","0.0000","0.1400","0.1400","0.1400"
"2012/07/06","0.1400","0.0000","0.1400","0.1400","0.1400"
"2012/07/05","0.1400","0.0000","0.1400","0.1400","0.1400"
"2012/07/03","0.1400","0.0000","0.1400","0.1400","0.1400"
"2012/07/02","0.1400","0.0000","0.1400","0.1400","0.1400"
"2012/06/29","0.1400","0.0000","0.1400","0.1400","0.1400"
"2012/06/28","0.1400","0.0000","0.1400","0.1400","0.1400"
"2012/06/27","0.1400","11930.0000","0.1400","0.1400","0.1400"
"2012/06/26","0.1700","0.0000","0.1700","0.1700","0.1700"
"2012/06/25","0.1700","0.0000","0.1700","0.1700","0.1700"
"2012/06/22","0.1700","1750.0000","0.1400","0.1700","0.1400"
"2012/06/21","0.1700","14500.0000","0.1400","0.2000","0.1400"
"2012/06/20","0.2000","0.0000","0.2000","0.2000","0.2000"
"2012/06/19","0.2000","0.0000","0.2000","0.2000","0.2000"
"2012/06/18","0.2000","0.0000","0.2000","0.2000","0.2000"
"2012/06/15","0.2000","0.0000","0.2000","0.2000","0.2000"
"2012/06/14","0.2000","0.0000","0.2000","0.2000","0.2000"
"2012/06/13","0.2000","2565.0000","0.1500","0.2000","0.1400"
"2012/06/12","0.2000","0.0000","0.2000","0.2000","0.2000"
"2012/06/11","0.2000","0.0000","0.2000","0.2000","0.2000"
"2012/06/08","0.2000","0.0000","0.2000","0.2000","0.2000"
"2012/06/07","0.2000","800.0000","0.2000","0.2000","0.2000"
"2012/06/06","0.2000","1457.0000","0.1400","0.2000","0.1400"
"2012/06/05","0.2000","0.0000","0.2000","0.2000","0.2000"
"2012/06/04","0.2000","0.0000","0.2000","0.2000","0.2000"
"2012/06/01","0.2000","0.0000","0.2000","0.2000","0.2000"
"2012/05/31","0.2000","0.0000","0.2000","0.2000","0.2000"
"2012/05/30","0.2000","0.0000","0.2000","0.2000","0.2000"
"2012/05/29","0.2000","0.0000","0.2000","0.2000","0.2000"
"2012/05/25","0.2000","2000.0000","0.1400","0.2000","0.1400"
"2012/05/24","0.2000","2638.0000","0.2000","0.2000","0.1900"
"2012/05/23","0.2200","0.0000","0.2200","0.2200","0.2200"
"2012/05/22","0.2200","0.0000","0.2200","0.2200","0.2200"
"2012/05/21","0.2200","0.0000","0.2200","0.2200","0.2200"
"2012/05/18","0.2200","0.0000","0.2200","0.2200","0.2200"
"2012/05/17","0.2200","0.0000","0.2200","0.2200","0.2200"
"2012/05/16","0.2200","1000.0000","0.1400","0.2200","0.1400"
"2012/05/15","0.2300","0.0000","0.2300","0.2300","0.2300"
"2012/05/14","0.2300","0.0000","0.2300","0.2300","0.2300"
"2012/05/11","0.2300","0.0000","0.2300","0.2300","0.2300"
"2012/05/10","0.2300","100.0000","0.2300","0.2300","0.2300"
"2012/05/09","0.1400","8390.0000","0.1500","0.1500","0.1000"
"2012/05/08","0.2400","0.0000","0.2400","0.2400","0.2400"
"2012/05/07","0.2400","0.0000","0.2400","0.2400","0.2400"
"2012/05/04","0.2400","0.0000","0.2400","0.2400","0.2400"
"2012/05/03","0.2400","0.0000","0.2400","0.2400","0.2400"
"2012/05/02","0.2400","0.0000","0.2400","0.2400","0.2400"
"2012/05/01","0.2400","0.0000","0.2400","0.2400","0.2400"
"2012/04/30","0.2400","0.0000","0.2400","0.2400","0.2400"
"2012/04/27","0.2400","0.0000","0.2400","0.2400","0.2400"
"2012/04/26","0.2400","2000.0000","0.1700","0.2400","0.1500"
"2012/04/25","0.2400","12200.0000","0.1700","0.2400","0.1700"
"2012/04/24","0.2220","5385.0000","0.1700","0.2400","0.1500"
"2012/04/23","0.1700","725.0000","0.1700","0.2500","0.1700"
"2012/04/20","0.2500","1800.0000","0.1700","0.2500","0.1700"
"2012/04/19","0.2500","0.0000","0.2500","0.2500","0.2500"
"2012/04/18","0.2500","100.0000","0.2500","0.2500","0.2500"
"2012/04/17","0.2000","5700.0000","0.2000","0.2000","0.2000"
"2012/04/16","0.2500","200.0000","0.2500","0.2500","0.2500"
"2012/04/13","0.2500","0.0000","0.2500","0.2500","0.2500"
"2012/04/12","0.2500","0.0000","0.2500","0.2500","0.2500"
"2012/04/11","0.2500","0.0000","0.2500","0.2500","0.2500"
"2012/04/10","0.2500","200.0000","0.2500","0.2500","0.2500"
"2012/04/09","0.1700","4548.0000","0.1700","0.1700","0.1700"
"2012/04/05","0.2400","1150.0000","0.1700","0.2400","0.1700"
"2012/04/04","0.1900","4500.0000","0.1900","0.1900","0.1900"
"2012/04/03","0.3000","0.0000","0.3000","0.3000","0.3000"
"2012/04/02","0.3000","1368.0000","0.3000","0.3000","0.3000"
"2012/03/30","0.3500","400.0000","0.3500","0.3500","0.3500"
"2012/03/29","0.3500","7250.0000","0.1900","0.3500","0.1700"
"2012/03/28","0.3500","0.0000","0.3500","0.3500","0.3500"
"2012/03/27","0.3500","10800.0000","0.1650","0.3500","0.1650"
"2012/03/26","0.4000","0.0000","0.4000","0.4000","0.4000"
"2012/03/23","0.4000","0.0000","0.4000","0.4000","0.4000"
"2012/03/22","0.4000","0.0000","0.4000","0.4000","0.4000"
"2012/03/21","0.4000","3600.0000","0.1650","0.4000","0.1650"
"2012/03/20","0.4700","44345.0000","0.5800","0.5800","0.1400"
"2012/03/19","0.5600","13769.0000","0.1500","0.5600","0.1500"
"2012/03/16","0.1500","4675.0000","0.1000","0.1500","0.1000"
"2012/03/15","0.1050","1900.0000","0.1000","0.1050","0.1000"
"2012/03/14","0.1500","630.0000","0.1500","0.1500","0.1500"
"2012/03/13","0.1500","0.0000","0.1500","0.1500","0.1500"
"2012/03/12","0.1500","673.0000","0.1000","0.1500","0.1000"
"2012/03/09","0.1500","500.0000","0.1500","0.1500","0.1500"
"2012/03/08","0.1000","0.0000","0.1000","0.1000","0.1000"
"2012/03/07","0.1000","5295.0000","0.1500","0.1500","0.1000"
"2012/03/06","0.1500","0.0000","0.1500","0.1500","0.1500"
"2012/03/05","0.1500","750.0000","0.1000","0.1500","0.1000"
"2012/03/02","0.1500","0.0000","0.1500","0.1500","0.1500"
"2012/03/01","0.1500","0.0000","0.1500","0.1500","0.1500"
"2012/02/29","0.1500","0.0000","0.1500","0.1500","0.1500"
"2012/02/28","0.1500","0.0000","0.1500","0.1500","0.1500"
"2012/02/27","0.1500","0.0000","0.1500","0.1500","0.1500"
"2012/02/24","0.1500","4300.0000","0.1500","0.1500","0.1000"
"2012/02/23","0.1500","300.0000","0.0200","0.1500","0.0100"
"2012/02/22","0.0910","0.0000","0.0910","0.0910","0.0910"
"2012/02/21","0.0910","0.0000","0.0910","0.0910","0.0910"
"2012/02/17","0.0910","0.0000","0.0910","0.0910","0.0910"
"2012/02/16","0.0910","0.0000","0.0910","0.0910","0.0910"
"2012/02/15","0.0910","0.0000","0.0910","0.0910","0.0910"
"2012/02/14","0.0910","1100.0000","0.1500","0.1500","0.0910"
"2012/02/13","0.0910","0.0000","0.0910","0.0910","0.0910"
"2012/02/10","0.0910","0.0000","0.0910","0.0910","0.0910"
"2012/02/09","0.0910","0.0000","0.0910","0.0910","0.0910"
"2012/02/08","0.0910","0.0000","0.0910","0.0910","0.0910"
"2012/02/07","0.0910","0.0000","0.0910","0.0910","0.0910"
"2012/02/06","0.0910","0.0000","0.0910","0.0910","0.0910"
"2012/02/03","0.0910","0.0000","0.0910","0.0910","0.0910"
"2012/02/02","0.0910","2000.0000","0.0910","0.0910","0.0910"
"2012/02/01","0.0910","4000.0000","0.0910","0.0910","0.0910"
"2012/01/31","0.0910","500.0000","0.0910","0.0910","0.0910"
"2012/01/30","0.0910","7200.0000","0.0910","0.0910","0.0910"
"2012/01/27","0.1500","0.0000","0.1500","0.1500","0.1500"
"2012/01/26","0.1500","0.0000","0.1500","0.1500","0.1500"
"2012/01/25","0.1500","1000.0000","0.1500","0.1500","0.1500"
"2012/01/24","0.0910","0.0000","0.0910","0.0910","0.0910"
"2012/01/23","0.0910","110.0000","0.0910","0.0910","0.0910"
"2012/01/20","0.0910","0.0000","0.0910","0.0910","0.0910"
"2012/01/19","0.0910","0.0000","0.0910","0.0910","0.0910"
"2012/01/18","0.0910","0.0000","0.0910","0.0910","0.0910"
"2012/01/17","0.0910","0.0000","0.0910","0.0910","0.0910"
"2012/01/13","0.0910","4900.0000","0.0910","0.0910","0.0910"
"2012/01/12","0.0910","100.0000","0.0910","0.0910","0.0910"
"2012/01/11","0.0910","0.0000","0.0910","0.0910","0.0910"
"2012/01/10","0.0910","1500.0000","0.0910","0.0910","0.0910"
"2012/01/09","0.0910","0.0000","0.0910","0.0910","0.0910"
"2012/01/06","0.0910","0.0000","0.0910","0.0910","0.0910"
"2012/01/05","0.0910","5000.0000","0.0910","0.0910","0.0910"
"2012/01/04","0.1000","0.0000","0.1000","0.1000","0.1000"
"2012/01/03","0.1000","4500.0000","0.1000","0.1000","0.1000"
"2011/12/30","0.0950","26125.0000","0.0910","0.1000","0.0910"
"2011/12/29","0.1000","5000.0000","0.1000","0.1000","0.1000"
"2011/12/28","0.1000","6100.0000","0.1000","0.1000","0.1000"
"2011/12/27","0.0910","0.0000","0.0910","0.0910","0.0910"
"2011/12/23","0.0910","130.0000","0.0910","0.0910","0.0910"
"2011/12/22","0.0910","1500.0000","0.0910","0.0910","0.0910"
"2011/12/21","0.0910","0.0000","0.0910","0.0910","0.0910"
"2011/12/20","0.0910","1250.0000","0.0910","0.0910","0.0910"
"2011/12/19","0.0910","33130.0000","0.1500","0.1500","0.0910"
"2011/12/16","0.0910","0.0000","0.0910","0.0910","0.0910"
"2011/12/15","0.0910","1000.0000","0.0910","0.0910","0.0910"
"2011/12/14","0.0910","100.0000","0.0910","0.0910","0.0910"
"2011/12/13","0.0910","2500.0000","0.0910","0.0910","0.0910"
"2011/12/12","0.0910","500.0000","0.0910","0.0910","0.0910"
"2011/12/09","0.0910","0.0000","0.0910","0.0910","0.0910"
"2011/12/08","0.0910","0.0000","0.0910","0.0910","0.0910"
"2011/12/07","0.0910","0.0000","0.0910","0.0910","0.0910"
"2011/12/06","0.0910","0.0000","0.0910","0.0910","0.0910"
"2011/12/05","0.0910","0.0000","0.0910","0.0910","0.0910"
"2011/12/02","0.0910","1230.0000","0.0910","0.0910","0.0910"
"2011/12/01","0.0910","0.0000","0.0910","0.0910","0.0910"
"2011/11/30","0.0910","0.0000","0.0910","0.0910","0.0910"
"2011/11/29","0.0910","2450.0000","0.0910","0.0910","0.0910"
"2011/11/28","0.1400","0.0000","0.1400","0.1400","0.1400"
"2011/11/25","0.1400","0.0000","0.1400","0.1400","0.1400"
"2011/11/23","0.1400","0.0000","0.1400","0.1400","0.1400"
"2011/11/22","0.1400","0.0000","0.1400","0.1400","0.1400"
"2011/11/21","0.1400","0.0000","0.1400","0.1400","0.1400"
"2011/11/18","0.1400","0.0000","0.1400","0.1400","0.1400"
"2011/11/17","0.1400","0.0000","0.1400","0.1400","0.1400"
"2011/11/16","0.1400","0.0000","0.1400","0.1400","0.1400"
"2011/11/15","0.1400","0.0000","0.1400","0.1400","0.1400"
"2011/11/14","0.1400","0.0000","0.1400","0.1400","0.1400"
"2011/11/11","0.1400","1000.0000","0.1400","0.1400","0.1400"
"2011/11/10","0.1000","6000.0000","0.1000","0.1000","0.1000"
"2011/11/09","0.1200","5000.0000","0.1200","0.1200","0.1200"
"2011/11/08","0.1400","0.0000","0.1400","0.1400","0.1400"
"2011/11/07","0.1400","0.0000","0.1400","0.1400","0.1400"
"2011/11/04","0.1400","0.0000","0.1400","0.1400","0.1400"
"2011/11/03","0.1400","4250.0000","0.0950","0.1400","0.0950"
"2011/11/02","0.1500","0.0000","0.1500","0.1500","0.1500"
"2011/11/01","0.1500","0.0000","0.1500","0.1500","0.1500"
"2011/10/31","0.1500","2250.0000","0.0950","0.1500","0.0950"
"2011/10/28","0.0950","14600.0000","0.1050","0.1051","0.0950"
"2011/10/27","0.1050","0.0000","0.1050","0.1050","0.1050"
"2011/10/26","0.1050","0.0000","0.1050","0.1050","0.1050"
"2011/10/25","0.1050","0.0000","0.1050","0.1050","0.1050"
"2011/10/24","0.1050","0.0000","0.1050","0.1050","0.1050"
"2011/10/21","0.1050","0.0000","0.1050","0.1050","0.1050"
"2011/10/20","0.1050","0.0000","0.1050","0.1050","0.1050"
"2011/10/19","0.1050","0.0000","0.1050","0.1050","0.1050"
"2011/10/18","0.1050","0.0000","0.1050","0.1050","0.1050"
"2011/10/17","0.1050","1000.0000","0.1050","0.1050","0.1050"
"2011/10/14","0.1050","350.0000","0.1050","0.1050","0.1050"
"2011/10/13","0.1500","10536.0000","0.1050","0.1500","0.1050"
"2011/10/12","0.1050","0.0000","0.1050","0.1050","0.1050"
"2011/10/11","0.1050","0.0000","0.1050","0.1050","0.1050"
"2011/10/10","0.1050","0.0000","0.1050","0.1050","0.1050"
"2011/10/07","0.1050","0.0000","0.1050","0.1050","0.1050"
"2011/10/06","0.1050","0.0000","0.1050","0.1050","0.1050"
"2011/10/05","0.1050","0.0000","0.1050","0.1050","0.1050"
"2011/10/04","0.1050","0.0000","0.1050","0.1050","0.1050"
"2011/10/03","0.1050","1000.0000","0.1050","0.1050","0.1050"
"2011/09/30","0.1050","250.0000","0.1050","0.1050","0.1050"
"2011/09/29","0.1050","1400.0000","0.1050","0.1050","0.1050"
"2011/09/28","0.1050","0.0000","0.1050","0.1050","0.1050"
"2011/09/27","0.1050","2300.0000","0.1050","0.1050","0.1050"
"2011/09/26","0.1110","4900.0000","0.1110","0.1110","0.1110"
"2011/09/23","0.1690","0.0000","0.1690","0.1690","0.1690"
"2011/09/22","0.1690","0.0000","0.1690","0.1690","0.1690"
"2011/09/21","0.1690","0.0000","0.1690","0.1690","0.1690"
"2011/09/20","0.1690","0.0000","0.1690","0.1690","0.1690"
"2011/09/19","0.1690","0.0000","0.1690","0.1690","0.1690"
"2011/09/16","0.1690","0.0000","0.1690","0.1690","0.1690"
"2011/09/15","0.1690","0.0000","0.1690","0.1690","0.1690"
"2011/09/14","0.1690","2480.0000","0.1690","0.1690","0.1690"
"2011/09/13","0.2000","1000.0000","0.1001","0.2000","0.1001"
"2011/09/12","0.2000","0.0000","0.2000","0.2000","0.2000"
"2011/09/09","0.2000","0.0000","0.2000","0.2000","0.2000"
"2011/09/08","0.2000","0.0000","0.2000","0.2000","0.2000"
"2011/09/07","0.2000","2540.0000","0.2000","0.2000","0.1001"
"2011/09/06","0.2000","3000.0000","0.2000","0.2000","0.2000"
"2011/09/02","0.1001","0.0000","0.1001","0.1001","0.1001"
"2011/09/01","0.1001","250.0000","0.1001","0.1001","0.1001"
"2011/08/31","0.1001","0.0000","0.1001","0.1001","0.1001"
"2011/08/30","0.1001","23950.0000","0.1001","0.1001","0.1001"
"2011/08/29","0.1001","0.0000","0.1001","0.1001","0.1001"
"2011/08/26","0.1001","0.0000","0.1001","0.1001","0.1001"
"2011/08/25","0.1001","0.0000","0.1001","0.1001","0.1001"
"2011/08/24","0.1001","0.0000","0.1001","0.1001","0.1001"
"2011/08/23","0.1001","5400.0000","0.1001","0.1001","0.1001"
"2011/08/22","0.1000","5190.0000","0.1000","0.1000","0.1000"
"2011/08/19","0.2000","31000.0000","0.0900","0.2000","0.0900"
"2011/08/18","0.1900","7686.0000","0.1300","0.1900","0.1300"
"2011/08/17","0.0900","0.0000","0.0900","0.0900","0.0900"
"2011/08/16","0.0900","250.0000","0.0900","0.0900","0.0900"
"2011/08/15","0.0900","0.0000","0.0900","0.0900","0.0900"
"2011/08/12","0.0900","0.0000","0.0900","0.0900","0.0900"
"2011/08/11","0.0900","0.0000","0.0900","0.0900","0.0900"
"2011/08/10","0.0900","0.0000","0.0900","0.0900","0.0900"
"2011/08/09","0.0900","5400.0000","0.0900","0.0900","0.0900"
"2011/08/08","0.1300","0.0000","0.1300","0.1300","0.1300"
"2011/08/05","0.1300","4100.0000","0.0900","0.1300","0.0900"
"2011/08/04","0.1300","2550.0000","0.1300","0.1300","0.1300"
"2011/08/03","0.1300","0.0000","0.1300","0.1300","0.1300"
"2011/08/02","0.1300","405.0000","0.1300","0.1300","0.1300"
"2011/08/01","0.1300","0.0000","0.1300","0.1300","0.1300"
"2011/07/29","0.1300","300.0000","0.1300","0.1300","0.1300"
"2011/07/28","0.2000","0.0000","0.2000","0.2000","0.2000"
"2011/07/27","0.2000","100.0000","0.2000","0.2000","0.2000"
"2011/07/26","0.2000","0.0000","0.2000","0.2000","0.2000"
"2011/07/25","0.2000","0.0000","0.2000","0.2000","0.2000"
"2011/07/22","0.2000","0.0000","0.2000","0.2000","0.2000"
"2011/07/21","0.2000","0.0000","0.2000","0.2000","0.2000"
"2011/07/20","0.2000","0.0000","0.2000","0.2000","0.2000"
"2011/07/19","0.2000","1000.0000","0.2000","0.2000","0.2000"
"2011/07/18","0.2000","3695.0000","0.1300","0.2000","0.1300"
"2011/07/15","0.1300","0.0000","0.1300","0.1300","0.1300"
"2011/07/14","0.1300","0.0000","0.1300","0.1300","0.1300"
"2011/07/13","0.1300","935.0000","0.1300","0.1300","0.1300"
"2011/07/12","0.1300","0.0000","0.1300","0.1300","0.1300"
"2011/07/11","0.1300","10200.0000","0.1300","0.1300","0.1300"
"2011/07/08","0.1300","0.0000","0.1300","0.1300","0.1300"
"2011/07/07","0.1300","0.0000","0.1300","0.1300","0.1300"
"2011/07/06","0.1300","18825.0000","0.1300","0.1300","0.1300"
"2011/07/05","0.1400","0.0000","0.1400","0.1400","0.1400"
"2011/07/01","0.1400","0.0000","0.1400","0.1400","0.1400"
"2011/06/30","0.1400","4000.0000","0.1300","0.1400","0.1300"
"2011/06/29","0.1300","10700.0000","0.1300","0.1300","0.1300"
"2011/06/28","0.1400","0.0000","0.1400","0.1400","0.1400"
"2011/06/27","0.1400","5000.0000","0.1400","0.1400","0.1400"
"2011/06/24","0.1100","0.0000","0.1100","0.1100","0.1100"
"2011/06/23","0.1100","175.0000","0.1100","0.1100","0.1100"
"2011/06/22","0.1300","0.0000","0.1300","0.1300","0.1300"
"2011/06/21","0.1300","0.0000","0.1300","0.1300","0.1300"
"2011/06/20","0.1300","4000.0000","0.1300","0.1300","0.1300"
"2011/06/17","0.1300","100.0000","0.1300","0.1300","0.1300"
"2011/06/16","0.1500","0.0000","0.1500","0.1500","0.1500"
"2011/06/15","0.1500","0.0000","0.1500","0.1500","0.1500"
"2011/06/14","0.1500","0.0000","0.1500","0.1500","0.1500"
"2011/06/13","0.1500","0.0000","0.1500","0.1500","0.1500"
"2011/06/10","0.1500","0.0000","0.1500","0.1500","0.1500"
"2011/06/09","0.1500","750.0000","0.1500","0.1500","0.1500"
"2011/06/08","0.1300","100.0000","0.1300","0.1300","0.1300"
"2011/06/07","0.1300","300.0000","0.1300","0.1300","0.1300"
"2011/06/06","0.1300","0.0000","0.1300","0.1300","0.1300"
"2011/06/03","0.1300","0.0000","0.1300","0.1300","0.1300"
"2011/06/02","0.1300","2150.0000","0.1300","0.1300","0.1300"
"2011/06/01","0.1400","33400.0000","0.1300","0.1400","0.1300"
"2011/05/31","0.1400","3050.0000","0.1400","0.1400","0.1400"
"2011/05/27","0.1400","0.0000","0.1400","0.1400","0.1400"
"2011/05/26","0.1400","0.0000","0.1400","0.1400","0.1400"
"2011/05/25","0.1400","175.0000","0.1400","0.1400","0.1400"
"2011/05/24","0.1400","0.0000","0.1400","0.1400","0.1400"
"2011/05/23","0.1400","0.0000","0.1400","0.1400","0.1400"
"2011/05/20","0.1400","0.0000","0.1400","0.1400","0.1400"
"2011/05/19","0.1400","0.0000","0.1400","0.1400","0.1400"
"2011/05/18","0.1400","0.0000","0.1400","0.1400","0.1400"
"2011/05/17","0.1400","0.0000","0.1400","0.1400","0.1400"
"2011/05/16","0.1400","2250.0000","0.1400","0.1400","0.1400"
"2011/05/13","0.1400","0.0000","0.1400","0.1400","0.1400"
"2011/05/12","0.1400","0.0000","0.1400","0.1400","0.1400"
"2011/05/11","0.1400","0.0000","0.1400","0.1400","0.1400"
"2011/05/10","0.1400","0.0000","0.1400","0.1400","0.1400"
"2011/05/09","0.1400","0.0000","0.1400","0.1400","0.1400"
"2011/05/06","0.1400","0.0000","0.1400","0.1400","0.1400"
"2011/05/05","0.1400","0.0000","0.1400","0.1400","0.1400"
"2011/05/04","0.1400","0.0000","0.1400","0.1400","0.1400"
"2011/05/03","0.1400","500.0000","0.1400","0.1400","0.1400"
"2011/05/02","0.1400","0.0000","0.1400","0.1400","0.1400"
"2011/04/29","0.1400","4250.0000","0.1400","0.1400","0.1400"
"2011/04/28","0.1400","1500.0000","0.1400","0.1400","0.1400"
"2011/04/27","0.1400","1175.0000","0.1400","0.1400","0.1400"
"2011/04/26","0.1400","0.0000","0.1400","0.1400","0.1400"
"2011/04/25","0.1400","0.0000","0.1400","0.1400","0.1400"
"2011/04/21","0.1400","0.0000","0.1400","0.1400","0.1400"
"2011/04/20","0.1400","1250.0000","0.1400","0.1400","0.1400"
"2011/04/19","0.1400","150.0000","0.1400","0.1400","0.1400"
"2011/04/18","0.1400","13068.0000","0.1400","0.1400","0.1400"
"2011/04/15","0.1400","285.0000","0.1400","0.1400","0.1400"
"2011/04/14","0.1500","100.0000","0.1500","0.1500","0.1500"
"2011/04/13","0.1400","150.0000","0.1400","0.1400","0.1400"
"2011/04/12","0.1500","0.0000","0.1500","0.1500","0.1500"
"2011/04/11","0.1500","2170.0000","0.1500","0.1500","0.1500"
"2011/04/08","0.1500","0.0000","0.1500","0.1500","0.1500"
"2011/04/07","0.1500","500.0000","0.1500","0.1500","0.1500"
"2011/04/06","0.1800","4500.0000","0.1800","0.1800","0.1800"
"2011/04/05","0.1500","0.0000","0.1500","0.1500","0.1500"
"2011/04/04","0.1500","0.0000","0.1500","0.1500","0.1500"
"2011/04/01","0.1500","0.0000","0.1500","0.1500","0.1500"
"2011/03/31","0.1500","0.0000","0.1500","0.1500","0.1500"
"2011/03/30","0.1500","1250.0000","0.1500","0.1500","0.1500"
"2011/03/29","0.1500","300.0000","0.1500","0.1500","0.1500"
"2011/03/28","0.1500","54983.0000","0.1476","0.1500","0.1476"
"2011/03/25","0.1500","0.0000","0.1500","0.1500","0.1500"
"2011/03/24","0.1500","16000.0000","0.1051","0.1510","0.1051"
"2011/03/23","0.1400","0.0000","0.1400","0.1400","0.1400"
"2011/03/22","0.1400","1900.0000","0.1950","0.1950","0.1400"
"2011/03/21","0.2000","0.0000","0.2000","0.2000","0.2000"
"2011/03/18","0.2000","0.0000","0.2000","0.2000","0.2000"
"2011/03/17","0.2000","200.0000","0.2000","0.2000","0.2000"
"2011/03/16","0.2000","0.0000","0.2000","0.2000","0.2000"
"2011/03/15","0.2000","1350.0000","0.2000","0.2000","0.2000"
"2011/03/14","0.2000","1500.0000","0.2000","0.2000","0.2000"
"2011/03/11","0.2000","8000.0000","0.2000","0.2000","0.2000"
"2011/03/10","0.2000","1000.0000","0.2000","0.2000","0.2000"
"2011/03/09","0.2000","0.0000","0.2000","0.2000","0.2000"
"2011/03/08","0.2000","0.0000","0.2000","0.2000","0.2000"
"2011/03/07","0.2000","0.0000","0.2000","0.2000","0.2000"
"2011/03/04","0.2000","0.0000","0.2000","0.2000","0.2000"
"2011/03/03","0.2000","5500.0000","0.2000","0.2000","0.2000"
"2011/03/02","0.2000","950.0000","0.2000","0.2000","0.2000"
"2011/03/01","0.2000","7300.0000","0.2000","0.2000","0.2000"
"2011/02/28","0.2000","10140.0000","0.2000","0.2000","0.2000"
"2011/02/25","0.1500","125.0000","0.1500","0.1500","0.1500"
"2011/02/24","0.1500","0.0000","0.1500","0.1500","0.1500"
"2011/02/23","0.1500","2250.0000","0.1500","0.1500","0.1500"
"2011/02/22","0.1500","0.0000","0.1500","0.1500","0.1500"
"2011/02/18","0.1500","3250.0000","0.1500","0.1500","0.1500"
"2011/02/17","0.1500","11900.0000","0.1500","0.2000","0.1500"
"2011/02/16","0.1000","35091.0000","0.1500","0.1500","0.1000"
"2011/02/15","0.1700","22813.0000","0.1800","0.1800","0.1700"
"2011/02/14","0.1800","2500.0000","0.1800","0.1800","0.1800"
"2011/02/11","0.1800","100.0000","0.1800","0.1800","0.1800"
"2011/02/10","0.1800","917.0000","0.1800","0.1800","0.1800"
"2011/02/09","0.3800","3665.0000","0.3800","0.3800","0.3800"
"2011/02/08","0.4000","200.0000","0.4000","0.4000","0.4000"
"2011/02/07","0.5000","0.0000","0.5000","0.5000","0.5000"
"2011/02/04","0.5000","0.0000","0.5000","0.5000","0.5000"
"2011/02/03","0.5000","2000.0000","0.5000","0.5000","0.5000"
"2011/02/02","0.5300","0.0000","0.5300","0.5300","0.5300"
"2011/02/01","0.5300","350.0000","0.1400","0.5300","0.1400"
"2011/01/31","0.5900","0.0000","0.5900","0.5900","0.5900"
"2011/01/28","0.5900","0.0000","0.5900","0.5900","0.5900"
"2011/01/27","0.5900","0.0000","0.5900","0.5900","0.5900"
"2011/01/26","0.5900","0.0000","0.5900","0.5900","0.5900"
"2011/01/25","0.5900","0.0000","0.5900","0.5900","0.5900"
"2011/01/24","0.5900","8000.0000","0.5000","0.5900","0.5000"
"2011/01/21","0.0900","1835.0000","0.0900","0.0900","0.0900"
"2011/01/20","0.0900","825.0000","0.0900","0.0900","0.0900"
"2011/01/19","0.0900","0.0000","0.0900","0.0900","0.0900"
"2011/01/18","0.0900","300.0000","0.0900","0.0900","0.0900"
"2011/01/14","0.0800","0.0000","0.0800","0.0800","0.0800"
"2011/01/13","0.0800","0.0000","0.0800","0.0800","0.0800"
"2011/01/12","0.0800","830.0000","0.0800","0.0800","0.0800"
"2011/01/11","0.0800","0.0000","0.0800","0.0800","0.0800"
"2011/01/10","0.0800","0.0000","0.0800","0.0800","0.0800"
"2011/01/07","0.0800","0.0000","0.0800","0.0800","0.0800"
"2011/01/06","0.0800","0.0000","0.0800","0.0800","0.0800"
"2011/01/05","0.0800","0.0000","0.0800","0.0800","0.0800"
"2011/01/04","0.0800","200.0000","0.0800","0.0800","0.0800"
"2011/01/03","0.0800","900.0000","0.0800","0.0800","0.0800"
"2010/12/31","0.0800","7298.0000","0.0800","0.0800","0.0800"
"2010/12/30","0.0800","885.0000","0.0800","0.0800","0.0800"
"2010/12/29","0.0800","1800.0000","0.0800","0.0800","0.0800"
"2010/12/28","0.0800","2000.0000","0.0800","0.0800","0.0800"
"2010/12/27","0.0800","100.0000","0.0800","0.0800","0.0800"
"2010/12/23","0.1000","1850.0000","0.1000","0.1000","0.1000"
"2010/12/22","0.0800","1000.0000","0.0800","0.0800","0.0800"
"2010/12/21","0.0800","1055.0000","0.0800","0.0800","0.0800"
"2010/12/20","0.0800","1200.0000","0.0800","0.1000","0.0800"
"2010/12/17","0.0800","0.0000","0.0800","0.0800","0.0800"
"2010/12/16","0.0800","250.0000","0.0800","0.0800","0.0800"
"2010/12/15","0.0750","0.0000","0.0750","0.0750","0.0750"
"2010/12/14","0.0750","14245.0000","0.6900","0.6900","0.0750"
"2010/12/13","0.7000","750.0000","0.2500","0.7000","0.2500"
"2010/12/10","0.2000","0.0000","0.2000","0.2000","0.2000"
"2010/12/09","0.2000","0.0000","0.2000","0.2000","0.2000"
"2010/12/08","0.2000","5558.0000","0.2000","0.2000","0.2000"
"2010/12/07","0.2000","3625.0000","0.2000","0.2000","0.2000"
"2010/12/06","0.2000","2775.0000","0.2101","0.2101","0.2000"
"2010/12/03","0.2000","6996.0000","0.2100","0.2900","0.2000"
"2010/12/02","0.2000","150.0000","0.2000","0.2000","0.2000"
"2010/12/01","0.2000","1100.0000","0.2000","0.2000","0.2000"
"2010/11/30","0.2500","100.0000","0.2500","0.2500","0.2500"
