Date,Symbol,Open,High,Low,Close,Volume
2016-11-03,SPY,209.990005,210.240005,208.460007,208.779999,88939300
2016-11-02,SPY,210.649994,211.100006,209.229996,209.740005,103330800
2016-11-01,SPY,212.929993,212.990005,209.600006,211.009995,122781800
2016-10-31,SPY,212.929993,213.190002,212.360001,212.550003,61272500
2016-10-28,SPY,213.139999,213.929993,211.710007,212.539993,140623200
2016-10-27,SPY,214.580002,214.619995,213.080002,213.169998,77220200
2016-10-26,SPY,213.210007,214.419998,212.929993,213.740005,75705500
2016-10-25,SPY,214.679993,214.979996,213.979996,214.169998,66542300
2016-10-24,SPY,215.00,215.320007,214.479996,214.889999,60146600
2016-10-21,SPY,213.880005,214.080002,212.759995,213.979996,89089100
2016-10-20,SPY,213.869995,214.529999,213.110001,213.880005,73639800
2016-10-19,SPY,214.020004,214.639999,213.600006,214.279999,66519200
2016-10-18,SPY,214.240005,214.309998,213.270004,213.710007,76869700
2016-10-17,SPY,213.089996,213.389999,212.169998,212.380005,58275700
2016-10-14,SPY,214.149994,214.690002,213.029999,213.119995,93346200
2016-10-13,SPY,212.160004,213.589996,211.210007,213.009995,101357000
2016-10-12,SPY,213.589996,214.320007,213.009995,213.710007,73866100
2016-10-11,SPY,215.660004,215.740005,212.580002,213.429993,130367400
2016-10-10,SPY,216.160004,216.699997,215.990005,216.160004,51855000
2016-10-07,SPY,216.100006,216.300003,214.190002,215.039993,89788300
2016-10-06,SPY,215.369995,216.039993,214.740005,215.779999,62927400
2016-10-05,SPY,215.410004,216.130005,215.330002,215.630005,72816000
2016-10-04,SPY,215.910004,216.169998,213.990005,214.679993,119948100
2016-10-03,SPY,215.820007,216.039993,215.039993,215.779999,83512100
2016-09-30,SPY,215.649994,217.119995,215.360001,216.300003,117202900
2016-09-29,SPY,216.399994,216.869995,214.039993,214.679993,128070600
2016-09-28,SPY,215.830002,216.820007,214.710007,216.639999,87411000
2016-09-27,SPY,214.050003,215.679993,213.619995,215.570007,78494800
2016-09-26,SPY,215.020004,215.229996,214.009995,214.240005,89827300
2016-09-23,SPY,216.720001,216.880005,215.880005,215.990005,73630900
2016-09-22,SPY,217.00,217.529999,216.710007,217.179993,76678700
2016-09-21,SPY,214.240005,216.029999,213.440002,215.820007,110284400
2016-09-20,SPY,214.410004,214.589996,213.380005,213.419998,69665300
2016-09-19,SPY,214.130005,214.880005,213.029999,213.410004,80250500
2016-09-16,SPY,213.479996,213.690002,212.570007,213.369995,155236400
2016-09-15,SPY,212.960007,215.729996,212.75,214.197992,134427900
2016-09-14,SPY,213.289993,214.699997,212.50,212.078693,134185500
2016-09-13,SPY,214.839996,215.149994,212.50,212.158293,182828800
2016-09-12,SPY,212.389999,216.809998,212.309998,215.252662,168110900
2016-09-09,SPY,216.970001,217.029999,213.25,212.208044,221589100
2016-09-08,SPY,218.619995,218.940002,218.149994,217.411754,74102900
2016-09-07,SPY,218.839996,219.220001,218.300003,217.909241,76554900
2016-09-06,SPY,218.699997,219.119995,217.860001,217.929145,56702100
2016-09-02,SPY,218.389999,218.869995,217.699997,217.272458,79293900
2016-09-01,SPY,217.369995,217.729996,216.029999,216.297388,97844200
2016-08-31,SPY,217.610001,217.75,216.470001,216.287444,85269500
2016-08-30,SPY,218.259995,218.589996,217.350006,216.904323,58114500
2016-08-29,SPY,217.440002,218.669998,217.399994,217.262514,70502200
2016-08-26,SPY,217.919998,219.119995,216.25,216.197885,122506300
2016-08-25,SPY,217.399994,218.190002,217.220001,216.605828,69224800
2016-08-24,SPY,218.800003,218.910004,217.360001,216.755083,71728900
2016-08-23,SPY,219.25,219.600006,218.899994,217.869449,53399200
2016-08-22,SPY,218.259995,218.800003,217.830002,217.431658,61368800
2016-08-19,SPY,218.309998,218.75,217.740005,217.441602,75443000
2016-08-18,SPY,218.339996,218.899994,218.210007,217.760001,52989300
2016-08-17,SPY,218.00,218.529999,217.020004,217.272458,75134300
2016-08-16,SPY,218.600006,218.679993,217.960007,216.86453,53213600
2016-08-15,SPY,218.889999,219.50,218.880005,217.988841,49813500
2016-08-12,SPY,218.289993,218.710007,217.990005,217.362017,61313500
2016-08-11,SPY,218.259995,218.940002,217.949997,217.55105,72504300
2016-08-10,SPY,218.309998,218.399994,217.229996,216.546132,57941100
2016-08-09,SPY,218.130005,218.759995,217.800003,217.083411,51251700
2016-08-08,SPY,218.399994,218.520004,217.740005,216.954074,39906500
2016-08-05,SPY,216.410004,218.229996,216.410004,217.083411,71892200
2016-08-04,SPY,216.309998,216.779999,214.25,215.322318,46585500
2016-08-03,SPY,215.479996,216.25,215.130005,215.093463,53993600
2016-08-02,SPY,216.649994,216.830002,214.570007,214.46664,92295500
2016-08-01,SPY,217.190002,217.649994,216.410004,215.849653,73311400
2016-07-29,SPY,216.460007,217.539993,216.130005,216.028741,79519400
2016-07-28,SPY,216.289993,217.110001,215.75,215.680509,65035700
2016-07-27,SPY,217.190002,217.270004,215.619995,215.431766,84083900
2016-07-26,SPY,216.529999,217.169998,215.759995,215.660605,70080500
2016-07-25,SPY,217.00,217.059998,215.970001,215.561102,55873100
2016-07-22,SPY,216.410004,217.300003,216.100006,216.148148,62787500
2016-07-21,SPY,216.960007,217.220001,215.75,215.183022,67777300
2016-07-20,SPY,216.190002,217.369995,216.190002,215.998893,58159500
2016-07-19,SPY,215.919998,216.229996,215.630005,215.103422,54345700
2016-07-18,SPY,215.970001,216.600006,215.669998,215.322318,58725900
2016-07-15,SPY,216.779999,217.009995,215.309998,214.745231,107155400
2016-07-14,SPY,216.399994,216.669998,215.660004,215.033767,91230900
2016-07-13,SPY,215.440002,215.449997,214.350006,213.839801,87324100
2016-07-12,SPY,214.529999,215.300003,213.429993,213.869649,101275600
2016-07-11,SPY,213.190002,214.070007,212.949997,212.327436,73633900
2016-07-08,SPY,211.050003,212.940002,210.779999,211.581206,133971000
2016-07-07,SPY,209.869995,210.649994,208.630005,208.476892,85593800
2016-07-06,SPY,207.830002,209.800003,207.059998,208.606244,96021500
2016-07-05,SPY,208.949997,209.080002,207.710007,207.362526,109803700
2016-07-01,SPY,209.479996,210.490005,209.289993,208.864931,106055300
2016-06-30,SPY,207.210007,209.539993,206.559998,208.42714,165021900
2016-06-29,SPY,204.839996,206.929993,204.720001,205.621322,137328600
2016-06-28,SPY,201.479996,203.229996,201.119995,202.178705,159382400
2016-06-27,SPY,201.589996,201.600006,198.649994,198.596808,230775800
2016-06-24,SPY,203.630005,210.850006,202.720001,202.218513,333444400
2016-06-23,SPY,209.809998,210.869995,209.270004,209.750458,102731400
2016-06-22,SPY,208.649994,209.50,207.929993,207.054087,95560500
2016-06-21,SPY,208.300003,208.919998,207.779999,207.392374,72461700
2016-06-20,SPY,208.820007,209.610001,207.75,206.805343,82789600
2016-06-17,SPY,207.169998,207.199997,205.75,205.482026,117055700
2016-06-16,SPY,207.75,208.570007,205.589996,206.250143,149533100
2016-06-15,SPY,208.039993,209.360001,207.529999,205.636455,109124500
2016-06-14,SPY,208.00,208.740005,206.919998,205.923499,125059300
2016-06-13,SPY,209.360001,210.369995,208.350006,206.329331,117751200
2016-06-10,SPY,210.460007,210.860001,209.429993,207.93286,113829200
2016-06-09,SPY,211.509995,212.220001,211.190002,209.922406,73786900
2016-06-08,SPY,211.839996,212.520004,211.690002,210.209449,66170900
2016-06-07,SPY,211.529999,212.339996,211.50,209.526466,60974800
2016-06-06,SPY,210.699997,211.770004,210.509995,209.199837,64887000
2016-06-03,SPY,210.25,210.690002,208.860001,208.140715,101757100
2016-06-02,SPY,209.800003,210.929993,209.240005,208.764311,63044700
2016-06-01,SPY,209.119995,210.479996,208.889999,208.130822,69936200
2016-05-31,SPY,210.559998,210.690002,209.179993,207.705189,109879400
2016-05-27,SPY,209.529999,210.25,209.470001,208.101129,59329000
2016-05-26,SPY,209.440002,209.710007,208.970001,207.210276,55280700
2016-05-25,SPY,208.669998,209.770004,207.869995,207.150889,76621400
2016-05-24,SPY,206.169998,208.240005,206.139999,205.75523,93537800
2016-05-23,SPY,205.509995,205.839996,204.990005,203.122303,58682600
2016-05-20,SPY,204.919998,206.100006,204.860001,203.399453,104990400
2016-05-19,SPY,204.059998,204.539993,202.779999,202.122568,115430500
2016-05-18,SPY,204.440002,206.300003,203.630005,202.825352,120062100
2016-05-17,SPY,206.460007,206.800003,204.229996,202.765965,114924900
2016-05-16,SPY,204.960007,207.339996,204.889999,204.676323,77486800
2016-05-13,SPY,206.210007,206.860001,204.380005,202.676869,96474600
2016-05-12,SPY,207.289993,207.490005,205.369995,204.45856,89586300
2016-05-11,SPY,207.910004,208.539993,206.50,204.399172,81727000
2016-05-10,SPY,206.720001,208.470001,206.639999,206.329331,77472200
2016-05-09,SPY,205.570007,206.399994,205.360001,203.795378,74374900
2016-05-06,SPY,204.059998,205.770004,203.880005,203.627109,83784900
2016-05-05,SPY,205.559998,205.979996,204.470001,202.884739,67619200
2016-05-04,SPY,204.990005,205.850006,204.419998,202.924325,92243800
2016-05-03,SPY,206.520004,206.800003,205.279999,204.062635,101267500
2016-05-02,SPY,206.919998,208.179993,206.410004,205.854218,62188000
2016-04-29,SPY,206.720001,207.130005,205.029999,204.230904,142424100
2016-04-28,SPY,208.460007,209.759995,206.960007,205.339504,97216200
2016-04-27,SPY,208.470001,209.809998,208.050003,207.220184,77329400
2016-04-26,SPY,209.039993,209.520004,208.360001,206.794551,75864200
2016-04-25,SPY,208.259995,208.660004,207.539993,206.487707,66166500
2016-04-22,SPY,208.550003,209.289993,207.910004,206.844045,99251700
2016-04-21,SPY,210.119995,210.25,208.649994,206.844045,85695000
2016-04-20,SPY,209.949997,210.919998,209.389999,207.962554,81100300
2016-04-19,SPY,209.740005,210.199997,208.940002,207.764576,88316100
2016-04-18,SPY,207.779999,209.279999,207.00,207.111302,75277700
2016-04-15,SPY,208.009995,208.169998,207.399994,205.666149,75761600
2016-04-14,SPY,208.070007,208.600006,207.600006,205.893805,65212900
2016-04-13,SPY,207.00,208.100006,206.839996,205.883912,96336400
2016-04-12,SPY,204.220001,206.25,203.699997,203.825071,115350600
2016-04-11,SPY,205.25,206.070007,203.910004,201.944407,83757500
2016-04-08,SPY,205.339996,205.850006,203.869995,202.419519,95040600
2016-04-07,SPY,205.139999,205.559998,203.089996,201.875112,113859000
2016-04-06,SPY,204.190002,206.490005,203.979996,204.319984,91839800
2016-04-05,SPY,204.669998,206.259995,203.889999,202.112676,99662200
2016-04-04,SPY,206.830002,207.070007,205.889999,204.151716,63497000
2016-04-01,SPY,204.350006,207.139999,203.979996,204.814898,114423500
2016-03-31,SPY,205.910004,206.410004,205.330002,203.429147,94584100
2016-03-30,SPY,206.300003,206.869995,205.589996,203.92406,86365300
2016-03-29,SPY,202.759995,205.25,202.399994,203.033207,92922900
2016-03-28,SPY,203.610001,203.860001,202.710007,201.172343,62408200
2016-03-24,SPY,202.00,203.160004,201.740005,201.053554,84360900
2016-03-23,SPY,204.110001,204.330002,203.009995,201.14265,81052500
2016-03-22,SPY,203.759995,205.229996,203.570007,202.478907,97471900
2016-03-21,SPY,204.070007,204.940002,203.800003,202.587788,72926700
2016-03-18,SPY,204.169998,204.779999,203.800003,202.300745,138372400
2016-03-17,SPY,203.240005,205.229996,202.770004,201.508879,134278500
2016-03-16,SPY,201.600006,203.820007,201.550003,200.238547,129303200
2016-03-15,SPY,201.360001,202.529999,201.050003,199.086394,93169100
2016-03-14,SPY,202.160004,203.039993,201.770004,199.411363,73612000
2016-03-11,SPY,201.259995,202.809998,199.520004,199.667391,137964500
2016-03-10,SPY,199.960007,201.070007,197.380005,196.496503,156838700
2016-03-09,SPY,199.360001,199.789993,198.429993,196.338955,94801200
2016-03-08,SPY,199.320007,199.919998,198.210007,195.373892,123974900
2016-03-07,SPY,199.339996,201.070007,199.25,197.530491,100219000
2016-03-04,SPY,200.009995,201.350006,199.029999,197.372928,129293600
2016-03-03,SPY,198.789993,199.800003,198.110001,196.732848,95172200
2016-03-02,SPY,197.740005,199.059998,197.25,195.964746,102415000
2016-03-01,SPY,195.009995,198.210007,194.449997,195.088322,141799700
2016-02-29,SPY,195.110001,196.229996,193.330002,190.607718,125918100
2016-02-26,SPY,196.570007,196.679993,194.899994,192.11438,129833700
2016-02-25,SPY,193.729996,195.550003,192.830002,192.557514,110728300
2016-02-24,SPY,190.630005,193.529999,189.320007,190.253208,150812200
2016-02-23,SPY,194.00,194.320007,192.179993,189.386641,111455300
2016-02-22,SPY,193.869995,194.949997,193.789993,191.809111,103640300
2016-02-19,SPY,191.169998,192.179993,190.449997,189.071514,114793000
2016-02-18,SPY,193.199997,193.270004,191.720001,189.160138,102343000
2016-02-17,SPY,191.160004,193.320007,191.009995,189.938097,136009500
2016-02-16,SPY,188.770004,189.809998,187.630005,186.885374,120250700
2016-02-12,SPY,184.960007,186.649994,183.960007,183.783425,127632400
2016-02-11,SPY,182.339996,184.100006,181.089996,180.070923,219058900
2016-02-10,SPY,186.410004,188.339996,185.119995,182.444168,148214100
2016-02-09,SPY,183.360001,186.940002,183.199997,182.601716,184513100
2016-02-08,SPY,185.770004,186.119995,182.800003,182.591874,191526700
2016-02-05,SPY,190.990005,191.669998,187.199997,185.083284,180788300
2016-02-04,SPY,190.710007,192.75,189.960007,188.677621,139531800
2016-02-03,SPY,191.410004,191.779999,187.100006,188.382194,205054900
2016-02-02,SPY,191.960007,191.970001,189.539993,187.259582,182564900
2016-02-01,SPY,192.529999,194.580002,191.839996,190.696341,136061600
2016-01-29,SPY,190.020004,193.880005,189.880005,190.765281,210529300
2016-01-28,SPY,189.960007,190.199997,187.160004,186.225595,143798800
2016-01-27,SPY,189.580002,191.559998,187.059998,185.260546,185681700
2016-01-26,SPY,188.419998,190.529999,188.020004,187.298966,141036800
2016-01-25,SPY,189.919998,190.149994,187.410004,184.778015,130371700
2016-01-22,SPY,189.779999,190.759995,188.880005,187.614092,168319600
2016-01-21,SPY,186.210007,188.869995,184.639999,183.842507,195772900
2016-01-20,SPY,185.029999,187.50,181.020004,182.818362,286547800
2016-01-19,SPY,189.960007,190.110001,186.199997,185.191607,195244400
2016-01-15,SPY,186.770004,188.759995,185.520004,184.94542,314240200
2016-01-14,SPY,189.550003,193.259995,187.660004,189.002575,240795600
2016-01-13,SPY,194.449997,194.860001,188.380005,185.949866,221168900
2016-01-12,SPY,193.820007,194.550003,191.139999,190.706199,172330500
2016-01-11,SPY,193.009995,193.410004,189.820007,189.179837,187941300
2016-01-08,SPY,195.190002,195.850006,191.580002,188.992733,209817200
2016-01-07,SPY,195.330002,197.440002,193.589996,191.090249,213436100
2016-01-06,SPY,198.339996,200.059998,197.600006,195.787499,152112600
2016-01-05,SPY,201.399994,201.899994,200.050003,198.288751,110845800
2016-01-04,SPY,200.490005,201.029999,198.589996,197.953941,222353500
2015-12-31,SPY,205.130005,205.889999,203.869995,200.760462,102929500
2015-12-30,SPY,207.110001,207.210007,205.759995,202.789039,63317700
2015-12-29,SPY,206.509995,207.789993,206.470001,204.236619,92640700
2015-12-28,SPY,204.860001,205.259995,203.940002,202.080035,65899900
2015-12-24,SPY,205.720001,206.330002,205.419998,202.542852,48539600
2015-12-23,SPY,204.690002,206.070007,204.580002,202.877678,110987200
2015-12-22,SPY,202.720001,203.850006,201.550003,200.39611,111026200
2015-12-21,SPY,201.410004,201.880005,200.089996,198.59402,99094300
2015-12-18,SPY,202.770004,202.929993,199.830002,196.969193,251393500
2015-12-17,SPY,208.399994,208.479996,204.839996,200.541854,173092500
2015-12-16,SPY,206.369995,208.389999,204.800003,203.645033,197017000
2015-12-15,SPY,204.699997,206.110001,202.869995,200.708268,154069600
2015-12-14,SPY,202.070007,203.050003,199.949997,198.623161,182385200
2015-12-11,SPY,203.350006,204.139999,201.509995,197.624672,211173300
2015-12-10,SPY,205.419998,207.429993,205.139999,201.530559,115196800
2015-12-09,SPY,206.190002,208.679993,204.179993,201.011732,162401500
2015-12-08,SPY,206.490005,208.289993,205.779999,202.587796,103372400
2015-12-07,SPY,209.229996,209.729996,207.199997,203.958295,102027100
2015-12-04,SPY,205.610001,209.970001,205.610001,205.201514,192913900
2015-12-03,SPY,208.830002,209.149994,204.75,201.276045,166224200
2015-12-02,SPY,210.619995,211.00,208.229996,204.134494,108441300
2015-12-01,SPY,209.440002,210.820007,209.110001,206.239169,97858400
2015-11-30,SPY,209.75,209.889999,208.559998,204.291125,112822700
2015-11-27,SPY,209.429993,209.800003,208.860001,205.142781,37317800
2015-11-25,SPY,209.50,209.740005,209.009995,204.90785,51980100
2015-11-24,SPY,207.869995,209.830002,207.410004,204.937216,98874400
2015-11-23,SPY,209.380005,209.979996,208.520004,204.66312,64931200
2015-11-20,SPY,209.449997,210.119995,208.860001,204.898051,94011500
2015-11-19,SPY,208.589996,209.050003,208.199997,204.154076,88220500
2015-11-18,SPY,206.039993,208.899994,205.990005,204.330275,121342500
2015-11-17,SPY,205.990005,207.039993,204.880005,201.138996,121123700
2015-11-16,SPY,202.320007,205.690002,202.179993,201.285829,117645200
2015-11-13,SPY,204.350006,204.669998,202.440002,198.270749,153577100
2015-11-12,SPY,206.50,207.059998,204.820007,200.522271,121315200
2015-11-11,SPY,208.880005,208.940002,207.660004,203.361152,67846000
2015-11-10,SPY,207.509995,208.600006,207.190002,204.16386,75874600
2015-11-09,SPY,209.309998,209.490005,206.949997,203.693982,131008700
2015-11-06,SPY,209.740005,210.320007,208.460007,205.61266,110471500
2015-11-05,SPY,210.429993,210.979996,209.089996,205.720342,78408700
2015-11-04,SPY,211.350006,211.50,209.720001,205.925922,96224500
2015-11-03,SPY,209.970001,211.660004,209.699997,206.552431,95246100
2015-11-02,SPY,208.320007,210.619995,208.169998,205.955288,86270800
2015-10-30,SPY,209.059998,209.440002,207.740005,203.547135,131076900
2015-10-29,SPY,208.350006,209.270004,208.210007,204.428173,90525500
2015-10-28,SPY,207.00,208.979996,206.210007,204.545639,135906700
2015-10-27,SPY,206.199997,207.00,205.789993,202.245182,77905800
2015-10-26,SPY,207.300003,207.369995,206.559998,202.636745,69033000
2015-10-23,SPY,207.25,207.949997,206.300003,203.135989,144442300
2015-10-22,SPY,202.979996,205.509995,201.850006,200.933416,174911700
2015-10-21,SPY,203.610001,203.789993,201.649994,197.595305,102038000
2015-10-20,SPY,202.850006,203.839996,202.550003,198.828741,78448500
2015-10-19,SPY,202.50,203.369995,202.130005,199.083255,76523900
2015-10-16,SPY,202.830002,203.289993,201.919998,198.985372,114580100
2015-10-15,SPY,200.080002,202.360001,199.639999,198.084766,134142200
2015-10-14,SPY,200.179993,200.869995,198.940002,195.089254,99106200
2015-10-13,SPY,200.649994,202.160004,200.050003,196.029025,88038700
2015-10-12,SPY,201.419998,201.759995,200.910004,197.272259,56395600
2015-10-09,SPY,201.380005,201.899994,200.580002,197.086262,107069200
2015-10-08,SPY,198.949997,201.550003,198.589996,196.968796,153055200
2015-10-07,SPY,198.899994,199.830002,197.479996,195.206735,124307300
2015-10-06,SPY,198.309998,198.979996,197.00,193.620872,110274500
2015-10-05,SPY,196.460007,198.740005,196.330002,194.286546,126320800
2015-10-02,SPY,189.770004,195.029999,189.119995,190.889687,211003300
2015-10-01,SPY,192.080002,192.490005,189.820007,188.080187,131079000
2015-09-30,SPY,190.369995,191.830002,189.440002,187.590727,163452000
2015-09-29,SPY,188.270004,189.740005,186.929993,184.154703,159045600
2015-09-28,SPY,191.779999,191.910004,187.639999,184.047021,178515900
2015-09-25,SPY,194.639999,195.00,191.809998,188.785012,155054800
2015-09-24,SPY,192.149994,193.449997,190.559998,188.833946,159378800
2015-09-23,SPY,194.110001,194.669998,192.910004,189.519203,92790600
2015-09-22,SPY,193.880005,194.460007,192.559998,189.822666,153890900
2015-09-21,SPY,196.440002,197.679993,195.210007,192.318919,105726200
2015-09-18,SPY,195.710007,198.679993,194.960007,191.330199,223657500
2015-09-17,SPY,200.020004,202.889999,199.279999,194.508761,276046600
2015-09-16,SPY,198.820007,200.410004,198.410004,194.946994,99581600
2015-09-15,SPY,196.610001,198.990005,195.960007,193.271971,113806200
2015-09-14,SPY,196.949997,197.009995,195.429993,190.886006,79452000
2015-09-11,SPY,195.380005,196.820007,194.529999,191.596934,119691200
2015-09-10,SPY,194.559998,197.220001,194.25,190.7302,158611100
2015-09-09,SPY,199.320007,199.470001,194.350006,189.697898,149347700
2015-09-08,SPY,195.940002,197.610001,195.169998,192.268883,116025700
2015-09-04,SPY,192.850006,193.860001,191.610001,187.555412,207081000
2015-09-03,SPY,196.259995,198.050003,194.960007,190.43804,152087800
2015-09-02,SPY,194.619995,195.460007,192.419998,190.3017,160269300
2015-09-01,SPY,193.119995,194.770004,190.729996,186.756855,256000400
2015-08-31,SPY,198.110001,199.130005,197.009995,192.502615,163298800
2015-08-28,SPY,198.50,199.839996,197.919998,194.070528,160414400
2015-08-27,SPY,197.020004,199.419998,195.210007,194.060794,274143900
2015-08-26,SPY,192.080002,194.789993,188.369995,189.376537,339257000
2015-08-25,SPY,195.429993,195.449997,186.919998,182.374492,369833100
2015-08-24,SPY,187.490005,197.479996,182.399994,184.546192,507244300
2015-08-21,SPY,201.729996,203.940002,197.520004,192.658436,346588500
2015-08-20,SPY,206.509995,208.289993,203.899994,198.637927,194327900
2015-08-19,SPY,209.089996,210.009995,207.350006,202.874217,172946000
2015-08-18,SPY,210.259995,210.679993,209.699997,204.490811,71692700
2015-08-17,SPY,208.710007,210.589996,208.160004,205.084865,79072600
2015-08-14,SPY,208.429993,209.509995,208.259995,203.945453,72786500
2015-08-13,SPY,208.729996,209.550003,208.009995,203.205326,89383300
2015-08-12,SPY,207.110001,209.139999,205.360001,203.458523,172123700
2015-08-11,SPY,208.970001,209.470001,207.759995,203.215059,126081400
2015-08-10,SPY,209.279999,210.669998,209.279999,205.065399,80270700
2015-08-07,SPY,208.160004,208.339996,206.869995,202.513879,117858000
2015-08-06,SPY,210.289993,210.419998,207.649994,202.903432,116030800
2015-08-05,SPY,210.449997,211.309998,209.729996,204.57847,85786800
2015-08-04,SPY,209.699997,210.25,208.800003,203.906505,81820800
2015-08-03,SPY,210.460007,210.529999,208.649994,204.305776,113965700
2015-07-31,SPY,211.419998,211.449997,210.160004,204.997222,103266900
2015-07-30,SPY,210.160004,211.020004,209.419998,205.308864,91304400
2015-07-29,SPY,209.479996,211.039993,209.309998,205.260168,105791300
2015-07-28,SPY,207.789993,209.50,206.800003,203.857809,123544800
2015-07-27,SPY,206.940002,207.550003,206.259995,201.3842,132361100
2015-07-24,SPY,210.300003,210.369995,207.600006,202.562575,117755000
2015-07-23,SPY,211.529999,211.649994,209.75,204.68558,90509100
2015-07-22,SPY,210.929993,211.770004,210.889999,205.844474,88667900
2015-07-21,SPY,212.429993,212.740005,211.389999,206.214545,77965000
2015-07-20,SPY,212.75,213.179993,212.210007,207.032582,70446800
2015-07-17,SPY,212.289993,212.550003,211.800003,206.925457,89030000
2015-07-16,SPY,211.869995,212.300003,211.580002,206.75017,106683300
2015-07-15,SPY,210.729996,211.279999,210.039993,205.104347,97914100
2015-07-14,SPY,209.720001,211.050003,209.649994,205.172509,81709600
2015-07-13,SPY,208.990005,209.899994,208.940002,204.286309,106069400
2015-07-10,SPY,207.289993,207.979996,204.949997,202.056165,129456900
2015-07-09,SPY,207.039993,207.350006,204.770004,199.543608,144113100
2015-07-08,SPY,206.419998,206.759995,204.25,199.183285,164020100
2015-07-07,SPY,206.960007,208.169998,204.110001,202.582057,173820200
2015-07-06,SPY,205.770004,207.649994,205.529999,201.316038,117975400
2015-07-02,SPY,208.070007,208.270004,206.809998,201.890611,104373700
2015-07-01,SPY,207.729996,208.029999,206.559998,202.075646,135979900
2015-06-30,SPY,207.259995,207.320007,205.279999,200.468785,182925100
2015-06-29,SPY,208.050003,209.830002,205.330002,200.050019,202621300
2015-06-26,SPY,210.289993,210.580002,209.160004,204.335005,104174800
2015-06-25,SPY,211.100006,211.25,209.770004,204.373953,97107400
2015-06-24,SPY,211.720001,212.169998,210.470001,204.997222,92307300
2015-06-23,SPY,212.139999,212.440002,211.570007,206.496957,68476800
2015-06-22,SPY,211.910004,212.589996,211.639999,206.350884,70696000
2015-06-19,SPY,211.460007,211.550003,210.360001,205.299115,130478700
2015-06-18,SPY,211.309998,213.339996,210.630005,206.214545,165867900
2015-06-17,SPY,210.589996,211.320007,209.360001,204.092116,126708600
2015-06-16,SPY,208.929993,210.350006,208.720001,203.762611,85308200
2015-06-15,SPY,208.639999,209.449997,207.789993,202.657787,124384200
2015-06-12,SPY,210.639999,211.479996,209.679993,203.530011,135382400
2015-06-11,SPY,211.479996,212.089996,211.199997,205.100035,73876400
2015-06-10,SPY,209.369995,211.410004,209.300003,204.441009,134551300
2015-06-09,SPY,208.449997,209.100006,207.690002,202.018148,105034700
2015-06-08,SPY,209.639999,209.820007,208.389999,202.047221,89063300
2015-06-05,SPY,209.949997,210.580002,208.979996,203.297426,121704700
2015-06-04,SPY,211.070007,211.860001,209.75,203.646318,151882800
2015-06-03,SPY,212.00,212.669998,211.330002,205.38108,87820900
2015-06-02,SPY,211.020004,212.190002,210.270004,204.838362,91531000
2015-06-01,SPY,211.940002,212.339996,210.619995,205.041889,93338800
2015-05-29,SPY,212.380005,212.429993,210.820007,204.625149,124919600
2015-05-28,SPY,212.330002,212.589996,211.630005,205.904427,74974600
2015-05-27,SPY,211.25,212.979996,210.759995,206.137012,93214000
2015-05-26,SPY,212.399994,212.910004,210.199997,204.198723,124308600
2015-05-22,SPY,213.039993,213.539993,212.910004,206.418072,57433500
2015-05-21,SPY,212.710007,213.75,212.509995,206.91233,64764600
2015-05-20,SPY,213.149994,213.779999,212.50,206.311465,76857500
2015-05-19,SPY,213.240005,213.570007,212.690002,206.456831,72114600
2015-05-18,SPY,212.240005,213.399994,212.160004,206.524678,74549700
2015-05-15,SPY,212.440002,212.610001,211.860001,205.88504,76510100
2015-05-14,SPY,211.240005,212.320007,210.910004,205.66214,95934000
2015-05-13,SPY,210.470001,211.220001,209.740005,203.539712,94667900
2015-05-12,SPY,209.610001,210.630005,208.619995,203.500938,119727600
2015-05-11,SPY,211.570007,211.889999,210.520004,204.111504,75708100
2015-05-08,SPY,210.880005,211.860001,210.779999,205.090334,155877300
2015-05-07,SPY,207.919998,209.380005,207.520004,202.425187,88244900
2015-05-06,SPY,209.559998,209.929993,206.759995,201.620795,135060200
2015-05-05,SPY,211.029999,211.460007,208.729996,202.45426,113326200
2015-05-04,SPY,211.229996,212.020004,211.100006,204.799603,70927200
2015-05-01,SPY,209.399994,210.770004,209.279999,204.21811,103399700
2015-04-30,SPY,209.880005,210.350006,207.619995,202.027849,161304900
2015-04-29,SPY,210.369995,211.289993,209.600006,204.072744,125684900
2015-04-28,SPY,210.740005,211.50,209.330002,204.915895,86863500
2015-04-27,SPY,212.330002,212.479996,210.539993,204.26657,79358100
2015-04-24,SPY,211.660004,211.970001,211.110001,205.119407,61327400
2015-04-23,SPY,210.149994,211.940002,210.009995,204.644536,102585900
2015-04-22,SPY,210.009995,210.850006,208.899994,204.130891,78264600
2015-04-21,SPY,210.669998,210.860001,209.240005,203.132673,72559800
2015-04-20,SPY,209.059998,210.25,208.960007,203.374959,92189500
2015-04-17,SPY,208.940002,209.229996,207.009995,201.533576,191113200
2015-04-16,SPY,210.029999,210.979996,209.789993,203.878904,68934900
2015-04-15,SPY,210.050003,211.039993,209.949997,203.93705,99529300
2015-04-14,SPY,208.850006,209.710007,208.100006,203.026067,75099900
2015-04-13,SPY,209.869995,210.630005,209.029999,202.6384,74436600
2015-04-10,SPY,209.199997,210.089996,208.960007,203.559084,72722900
2015-04-09,SPY,207.779999,209.179993,207.190002,202.45426,85548900
2015-04-08,SPY,207.550003,208.509995,207.080002,201.562649,89351900
2015-04-07,SPY,207.860001,208.759995,207.240005,200.884251,81236300
2015-04-06,SPY,205.369995,208.449997,205.210007,201.417283,114368200
2015-04-02,SPY,205.619995,206.979996,205.399994,200.070173,86900900
2015-04-01,SPY,206.389999,206.419998,204.509995,199.353001,137303600
2015-03-31,SPY,207.259995,208.100006,206.360001,200.060472,126768700
2015-03-30,SPY,206.979996,208.610001,206.960007,201.824322,96180400
2015-03-27,SPY,205.130005,205.949997,204.899994,199.391775,118939000
2015-03-26,SPY,204.960007,206.369995,204.119995,198.936276,153067200
2015-03-25,SPY,209.070007,209.350006,205.710007,199.411147,159521700
2015-03-24,SPY,209.850006,210.399994,208.740005,202.376742,77805300
2015-03-23,SPY,210.419998,211.110001,210.00,203.520325,71784500
2015-03-20,SPY,209.710007,211.020004,209.490005,203.917678,177715100
2015-03-19,SPY,209.960007,210.470001,209.029999,202.133479,117917300
2015-03-18,SPY,207.389999,211.270004,206.619995,203.05973,228808500
2015-03-17,SPY,207.690002,208.419998,206.979996,200.647636,94510400
2015-03-16,SPY,206.710007,208.690002,205.860001,201.245831,136099200
2015-03-13,SPY,206.770004,207.929993,204.580002,198.592527,162410900
2015-03-12,SPY,205.259995,207.179993,205.199997,199.817875,93993500
2015-03-11,SPY,205.289993,205.50,204.399994,197.309291,110145700
2015-03-10,SPY,206.710007,206.809998,204.929993,197.772409,157121300
2015-03-09,SPY,207.740005,208.789993,207.550003,201.033565,89818900
2015-03-06,SPY,209.419998,209.940002,207.100006,200.203804,188128000
2015-03-05,SPY,210.619995,210.800003,209.850006,203.05973,76873000
2015-03-04,SPY,210.399994,210.490005,209.059998,202.837807,114497200
2015-03-03,SPY,211.470001,212.050003,210.080002,203.696512,110325800
2015-03-02,SPY,210.779999,212.059998,210.720001,204.53593,87491400
2015-02-27,SPY,211.259995,211.580002,210.600006,203.252695,108076000
2015-02-26,SPY,211.520004,211.710007,210.649994,203.947379,72697900
2015-02-25,SPY,211.660004,212.240005,211.220001,204.188588,73061700
2015-02-24,SPY,211.119995,212.050003,210.759995,204.362252,72472300
2015-02-23,SPY,210.940002,211.210007,210.479996,203.783358,74411100
2015-02-20,SPY,209.479996,211.330002,208.729996,203.812302,140896400
2015-02-19,SPY,209.410004,210.419998,209.240005,202.596597,91462500
2015-02-18,SPY,209.660004,210.220001,209.339996,202.741332,80652900
2015-02-17,SPY,209.399994,210.320007,209.100006,202.722031,76968200
2015-02-13,SPY,209.070007,209.839996,208.759995,202.403633,93670400
2015-02-12,SPY,207.889999,208.990005,206.970001,201.573872,97545900
2015-02-11,SPY,206.610001,207.449997,205.830002,199.65384,91087800
2015-02-10,SPY,205.880005,207.119995,204.679993,199.538064,96164200
2015-02-09,SPY,204.770004,205.639999,204.139999,197.434725,87219000
2015-02-06,SPY,206.559998,207.240005,204.919998,198.322374,125672000
2015-02-05,SPY,204.860001,206.300003,204.770004,198.872324,97953200
2015-02-04,SPY,203.919998,205.380005,203.509995,196.88476,134306700
2015-02-03,SPY,203.00,204.850006,202.550003,197.637333,124212900
2015-02-02,SPY,200.050003,202.029999,197.860001,194.820009,163107000
2015-01-30,SPY,200.570007,202.169998,199.130005,192.436859,197729700
2015-01-29,SPY,200.380005,202.300003,198.679993,194.887554,173585400
2015-01-28,SPY,204.169998,204.289993,199.910004,193.102599,168514300
2015-01-27,SPY,202.970001,204.119995,201.740005,195.611182,134044600
2015-01-26,SPY,204.710007,205.559998,203.850006,198.225884,92009700
2015-01-23,SPY,205.789993,206.100006,204.809998,197.762766,117516800
2015-01-22,SPY,203.990005,206.259995,202.330002,198.853037,174356000
2015-01-21,SPY,201.50,203.660004,200.940002,195.939224,122942700
2015-01-20,SPY,202.399994,202.720001,200.169998,194.955085,130991100
2015-01-16,SPY,198.770004,201.820007,198.550003,194.540212,211879600
2015-01-15,SPY,201.630005,202.009995,198.880005,192.021985,176613900
2015-01-14,SPY,199.649994,201.100006,198.570007,193.797283,192991100
2015-01-13,SPY,204.119995,205.479996,200.509995,194.974386,214553300
2015-01-12,SPY,204.410004,204.600006,201.919998,195.524336,144396100
2015-01-09,SPY,206.399994,206.419998,203.509995,197.068082,158567300
2015-01-08,SPY,204.009995,206.160004,203.990005,198.660058,147217800
2015-01-07,SPY,201.419998,202.720001,200.880005,195.196295,125346700
2015-01-06,SPY,202.089996,202.720001,198.860001,192.793858,209151400
2015-01-05,SPY,204.169998,204.369995,201.350006,194.627044,169632600
2015-01-02,SPY,206.380005,206.880005,204.179993,198.206583,121465900
2014-12-31,SPY,207.990005,208.190002,205.389999,198.312716,130333800
2014-12-30,SPY,208.210007,208.369995,207.509995,200.300294,73540800
2014-12-29,SPY,208.220001,208.970001,208.139999,201.380907,79643900
2014-12-26,SPY,208.309998,208.850006,208.25,201.110754,57326700
2014-12-24,SPY,208.020004,208.339996,207.720001,200.464315,42963400
2014-12-23,SPY,208.169998,208.229996,207.399994,200.445014,122167900
2014-12-22,SPY,206.75,207.470001,206.460007,200.17486,148318900
2014-12-19,SPY,206.429993,207.330002,205.610001,199.258267,245084600
2014-12-18,SPY,204.740005,212.970001,203.919998,198.414027,257633900
2014-12-17,SPY,198.440002,202.339996,198.289993,193.625909,253910100
2014-12-16,SPY,198.580002,202.399994,197.860001,189.902897,259543800
2014-12-15,SPY,201.979996,202.529999,198.779999,191.438155,189965800
2014-12-12,SPY,202.639999,203.820007,200.850006,192.762327,202330200
2014-12-11,SPY,203.880005,206.190002,203.710007,195.928818,159012800
2014-12-10,SPY,205.910004,205.979996,202.929993,194.940491,159856400
2014-12-09,SPY,204.369995,206.600006,203.910004,198.116572,125180100
2014-12-08,SPY,207.520004,208.119995,205.929993,198.250907,108588200
2014-12-05,SPY,207.869995,208.470001,207.550003,199.584669,91025500
2014-12-04,SPY,207.539993,208.270004,206.699997,199.258428,91316600
2014-12-03,SPY,207.300003,208.149994,207.100006,199.479119,68952000
2014-12-02,SPY,205.809998,207.339996,205.779999,198.711483,74507200
2014-12-01,SPY,206.399994,206.539993,205.380005,197.43529,103968400
2014-11-28,SPY,207.490005,207.869995,206.910004,198.817033,57890100
2014-11-26,SPY,207.289993,207.759995,207.029999,199.239234,62167800
2014-11-25,SPY,207.539993,207.789993,206.800003,198.730678,79108300
2014-11-24,SPY,207.169998,207.389999,206.910004,198.874603,65880800
2014-11-21,SPY,207.639999,207.839996,205.979996,198.318067,142327300
2014-11-20,SPY,204.259995,205.710007,204.179993,197.26258,72840300
2014-11-19,SPY,205.309998,205.550003,204.300003,196.917144,82373000
2014-11-18,SPY,204.440002,205.919998,204.440002,197.233795,76068100
2014-11-17,SPY,203.850006,204.580002,203.649994,196.101528,80441000
2014-11-14,SPY,204.100006,204.490005,203.720001,195.976798,80417500
2014-11-13,SPY,204.160004,204.830002,203.210007,195.928818,85357900
2014-11-12,SPY,203.350006,204.240005,203.309998,195.708127,90120300
2014-11-11,SPY,204.059998,204.309998,203.649994,195.919213,54499400
2014-11-10,SPY,203.380005,204.039993,203.130005,195.727307,66319000
2014-11-07,SPY,203.169998,203.600006,202.610001,195.113201,89540000
2014-11-06,SPY,202.389999,203.259995,201.639999,194.930886,107089000
2014-11-05,SPY,202.539993,202.589996,201.449997,194.15366,91709000
2014-11-04,SPY,201.229996,201.600006,200.059998,192.935052,93343000
2014-11-03,SPY,201.919998,202.449997,201.309998,193.606729,93600000
2014-10-31,SPY,201.779999,201.820007,200.770004,193.501178,146903000
2014-10-30,SPY,197.580002,199.949997,197.399994,191.313425,113330000
2014-10-29,SPY,198.550003,199.119995,196.800003,190.094802,142557000
2014-10-28,SPY,196.820007,198.419998,196.729996,190.382668,106736000
2014-10-27,SPY,195.729996,196.449997,195.029999,188.223699,82954000
2014-10-24,SPY,195.25,196.490005,194.490005,188.482765,117927000
2014-10-23,SPY,194.619995,196.199997,194.259995,187.043452,154944000
2014-10-22,SPY,194.410004,194.910004,192.610001,184.894088,151822000
2014-10-21,SPY,191.679993,194.199997,191.479996,186.218261,154949000
2014-10-20,SPY,188.130005,190.449997,188.070007,182.600784,130011000
2014-10-17,SPY,188.419998,189.75,187.619995,180.844821,214625000
2014-10-16,SPY,183.059998,187.580002,182.889999,178.733833,270391000
2014-10-15,SPY,185.160004,187.690002,181.919998,178.887348,380715000
2014-10-14,SPY,188.419998,189.820007,187.039993,180.10597,215847000
2014-10-13,SPY,190.460007,191.149994,187.300003,179.827709,230939000
2014-10-10,SPY,192.690002,193.649994,190.490005,182.831065,221909000
2014-10-09,SPY,196.330002,196.600006,192.580002,184.942068,210705000
2014-10-08,SPY,193.369995,196.919998,192.360001,188.684275,186461000
2014-10-07,SPY,195.279999,195.720001,193.220001,185.44102,147913000
2014-10-06,SPY,197.339996,197.600006,195.580002,188.34843,104778000
2014-10-03,SPY,195.679993,196.940002,195.080002,188.569135,121569000
2014-10-02,SPY,194.179993,195.059998,192.350006,186.515716,157285000
2014-10-01,SPY,196.699997,196.770004,193.910004,186.486931,177798000
2014-09-30,SPY,197.690002,198.300003,196.610001,189.048906,131302000
2014-09-29,SPY,196.199997,197.889999,196.050003,189.547857,95112000
2014-09-26,SPY,196.699997,198.389999,196.419998,189.893292,103547000
2014-09-25,SPY,199.039993,199.050003,196.270004,188.39641,150300000
2014-09-24,SPY,198.039993,199.690002,197.520004,191.486135,107276000
2014-09-23,SPY,198.429993,199.259995,197.949997,189.998842,111393000
2014-09-22,SPY,200.350006,200.380005,198.729996,191.092719,125553000
2014-09-19,SPY,201.520004,201.899994,200.289993,192.580012,121649000
2014-09-18,SPY,201.360001,201.850006,201.100006,192.753694,94990000
2014-09-17,SPY,200.770004,201.679993,199.75,191.731754,151266000
2014-09-16,SPY,198.610001,200.839996,198.50,191.473879,116201000
2014-09-15,SPY,199.160004,199.320007,198.380005,190.041263,76401000
2014-09-12,SPY,200.100006,200.119995,198.559998,190.184534,117409300
2014-09-11,SPY,199.270004,200.330002,199.119995,191.301972,66774400
2014-09-10,SPY,199.429993,200.199997,198.770004,191.082309,67251000
2014-09-09,SPY,200.410004,200.550003,198.910004,190.366001,88591000
2014-09-08,SPY,200.919998,201.210007,200.00,191.578938,64146000
2014-09-05,SPY,200.169998,201.190002,199.410004,192.075582,102177000
2014-09-04,SPY,200.839996,201.580002,199.660004,191.216019,85236000
2014-09-03,SPY,201.380005,201.410004,200.220001,191.492985,57462000
2014-09-02,SPY,200.970001,201.00,199.860001,191.598044,72426000
2014-08-29,SPY,200.449997,200.729996,199.820007,191.693557,65907000
2014-08-28,SPY,199.589996,200.270004,199.389999,191.149156,58330000
2014-08-27,SPY,200.429993,200.570007,199.940002,191.254215,47874000
2014-08-26,SPY,200.330002,200.820007,200.279999,191.330623,47298000
2014-08-25,SPY,200.139999,200.589996,199.149994,191.206459,63855000
2014-08-22,SPY,199.339996,199.690002,198.740005,190.241836,76107000
2014-08-21,SPY,199.089996,199.759995,198.929993,190.537908,67791000
2014-08-20,SPY,198.119995,199.160004,198.080002,189.983961,72763000
2014-08-19,SPY,197.839996,198.539993,197.440002,189.477771,59135000
2014-08-18,SPY,196.800003,197.449997,196.690002,188.494043,75424000
2014-08-15,SPY,196.470001,196.649994,194.309998,186.927717,139951000
2014-08-14,SPY,195.160004,195.759995,194.979996,186.965913,57371000
2014-08-13,SPY,194.289993,195.059998,193.960007,186.087244,69047000
2014-08-12,SPY,193.610001,194.149994,192.940002,184.836095,73632000
2014-08-11,SPY,193.970001,194.660004,193.710007,185.09397,74544000
2014-08-08,SPY,191.460007,193.369995,190.949997,184.559129,117014000
2014-08-07,SPY,192.940002,193.130005,190.550003,182.448402,135733000
2014-08-06,SPY,191.110001,192.889999,191.080002,183.441691,94818000
2014-08-05,SPY,193.100006,193.600006,191.309998,183.384374,152690000
2014-08-04,SPY,192.869995,194.300003,192.050003,185.179924,91340000
2014-08-01,SPY,192.559998,193.759995,191.570007,183.852367,189261000
2014-07-31,SPY,195.610001,195.779999,192.970001,184.415859,183479000
2014-07-30,SPY,197.649994,197.910004,196.160004,188.131109,104222000
2014-07-29,SPY,198.169998,198.449997,196.919998,188.102458,80466000
2014-07-28,SPY,197.759995,198.089996,196.619995,188.914279,69259000
2014-07-25,SPY,198.089996,198.259995,197.330002,188.837871,76837000
2014-07-24,SPY,198.830002,199.059998,198.449997,189.726086,56888000
2014-07-23,SPY,198.50,198.850006,198.100006,189.716541,65612000
2014-07-22,SPY,198.009995,198.559998,197.869995,189.296304,67678000
2014-07-21,SPY,197.089996,197.50,196.429993,188.474937,67592000
2014-07-18,SPY,196.350006,197.910004,196.240005,188.828326,124330000
2014-07-17,SPY,197.350006,198.100006,195.429993,186.918171,145398000
2014-07-16,SPY,198.110001,198.259995,197.419998,189.067095,79986400
2014-07-15,SPY,197.720001,198.100006,196.360001,188.369878,111307000
2014-07-14,SPY,197.610001,197.860001,197.440002,188.723267,58658000
2014-07-11,SPY,196.220001,196.75,195.779999,187.777735,64243000
2014-07-10,SPY,195.220001,196.860001,195.059998,187.51986,99040000
2014-07-09,SPY,196.729996,197.300003,196.309998,188.264819,72992000
2014-07-08,SPY,197.149994,197.220001,195.759995,187.424361,108143000
2014-07-07,SPY,197.820007,197.979996,197.220001,188.637299,61696000
2014-07-03,SPY,197.789993,198.289993,197.639999,189.296304,52938800
2014-07-02,SPY,197.050003,197.479996,196.960007,188.369878,52475000
2014-07-01,SPY,196.199997,197.630005,196.130005,188.178866,90470000
2014-06-30,SPY,195.699997,196.169998,195.529999,186.927717,70201200
2014-06-27,SPY,194.979996,195.880005,194.889999,187.02323,71445100
2014-06-26,SPY,195.610001,195.630005,194.130005,186.660296,84312000
2014-06-25,SPY,194.289993,195.779999,194.25,186.794007,82782000
2014-06-24,SPY,195.529999,196.50,194.479996,185.953534,96237000
2014-06-23,SPY,195.990005,196.050003,195.520004,187.080533,70611000
2014-06-20,SPY,196.029999,196.100006,195.699997,187.137835,100587000
2014-06-19,SPY,196.429993,196.600006,195.800003,186.758665,85929000
2014-06-18,SPY,194.830002,196.369995,194.399994,186.549549,105267000
2014-06-17,SPY,194.020004,194.970001,193.809998,185.190309,84834000
2014-06-16,SPY,193.889999,194.699997,193.660004,184.677018,87424000
2014-06-13,SPY,193.919998,194.320007,193.300003,184.524946,82017000
2014-06-12,SPY,194.690002,194.800003,193.110001,183.964126,106350000
2014-06-11,SPY,194.899994,195.119995,194.479996,185.275852,68772000
2014-06-10,SPY,195.339996,195.639999,194.919998,185.922215,57129000
2014-06-09,SPY,195.350006,196.050003,195.169998,185.903201,65119000
2014-06-06,SPY,194.869995,195.429993,194.779999,185.713099,78696000
2014-06-05,SPY,193.410004,194.649994,192.699997,184.829105,92103000
2014-06-04,SPY,192.470001,193.300003,192.270004,183.631452,55529000
2014-06-03,SPY,192.429993,192.899994,192.25,183.260749,65047000
2014-06-02,SPY,192.949997,192.990005,191.970001,183.355793,64656000
2014-05-30,SPY,192.190002,192.800003,192.029999,183.146676,76316000
2014-05-29,SPY,191.820007,192.399994,191.330002,182.852017,64377000
2014-05-28,SPY,191.520004,191.820007,191.059998,181.911009,66723000
2014-05-27,SPY,191.059998,191.580002,190.949997,182.044081,72010000
2014-05-23,SPY,189.759995,190.479996,189.589996,180.931972,61092800
2014-05-22,SPY,189.179993,189.979996,188.860001,180.209565,61549000
2014-05-21,SPY,188.089996,189.220001,188.059998,179.772333,89093000
2014-05-20,SPY,188.649994,188.669998,187.070007,178.270506,111644000
2014-05-19,SPY,187.690002,188.889999,187.520004,179.40163,63839000
2014-05-16,SPY,187.509995,188.130005,186.720001,178.745767,97458000
2014-05-15,SPY,188.679993,188.720001,186.479996,178.127919,154956000
2014-05-14,SPY,189.789993,189.880005,188.789993,179.705789,72367000
2014-05-13,SPY,190.039993,190.419998,189.770004,180.561268,66454000
2014-05-12,SPY,188.800003,189.880005,188.00,180.399667,86940000
2014-05-09,SPY,187.710007,188.039993,186.830002,178.660223,83679000
2014-05-08,SPY,187.710007,189.050003,187.080002,178.394064,93618000
2014-05-07,SPY,187.410004,187.970001,186.009995,178.58418,106500000
2014-05-06,SPY,188.00,188.130005,186.740005,177.538599,85454000
2014-05-05,SPY,187.139999,188.550003,186.619995,179.097456,75883000
2014-05-02,SPY,188.309998,189.139999,187.779999,178.755267,98122000
2014-05-01,SPY,188.220001,188.839996,187.729996,179.011912,93019000
2014-04-30,SPY,187.440002,188.50,187.179993,178.992898,101508000
2014-04-29,SPY,187.479996,188.039993,187.080002,178.460607,84098000
2014-04-28,SPY,187.050003,187.690002,184.960007,177.633657,135121000
2014-04-25,SPY,187.220001,187.330002,185.869995,177.072838,100380000
2014-04-24,SPY,188.369995,188.389999,186.929993,178.536651,88170000
2014-04-23,SPY,187.820007,187.919998,187.300003,178.175448,73869000
2014-04-22,SPY,187.229996,188.399994,187.130005,178.59368,85790000
2014-04-21,SPY,186.440002,187.100006,186.210007,177.78573,68329000
2014-04-17,SPY,185.880005,186.910004,185.559998,177.167896,105255000
2014-04-16,SPY,185.470001,186.139999,184.649994,176.920765,105197000
2014-04-15,SPY,183.320007,184.330002,181.509995,175.086249,157093000
2014-04-14,SPY,182.929993,183.369995,181.440002,173.888596,132382000
2014-04-11,SPY,182.139999,183.419998,181.309998,172.529341,167251000
2014-04-10,SPY,187.080002,187.169998,182.929993,174.097712,172959000
2014-04-09,SPY,185.600006,187.149994,185.059998,177.833259,100254000
2014-04-08,SPY,184.259995,185.399994,183.589996,175.941728,112660000
2014-04-07,SPY,185.949997,186.259995,183.960007,175.219322,140803000
2014-04-04,SPY,189.660004,189.699997,186.100006,177.177396,169381000
2014-04-03,SPY,189.169998,189.220001,188.050003,179.297072,77435000
2014-04-02,SPY,188.490005,189.130005,188.139999,179.534702,78774000
2014-04-01,SPY,187.619995,188.360001,187.00,178.935869,89193000
2014-03-31,SPY,186.669998,187.300003,185.520004,177.757215,99745000
2014-03-28,SPY,185.110001,186.419998,185.00,176.312432,101642000
2014-03-27,SPY,184.75,185.339996,183.899994,175.447453,142383000
2014-03-26,SPY,187.039993,187.339996,184.919998,175.818156,119843000
2014-03-25,SPY,186.369995,186.940002,185.270004,177.091852,103852000
2014-03-24,SPY,186.839996,187.070007,184.619995,176.255388,121411000
2014-03-21,SPY,187.710007,189.020004,186.029999,176.987294,163128000
2014-03-20,SPY,186.25,187.889999,185.919998,177.676425,117241000
2014-03-19,SPY,187.679993,187.940002,185.470001,176.644912,176267300
2014-03-18,SPY,186.710007,187.910004,186.509995,177.591257,101804600
2014-03-17,SPY,185.589996,186.770004,185.509995,176.332616,98359500
2014-03-14,SPY,184.850006,185.800003,184.440002,174.75222,153919600
2014-03-13,SPY,187.839996,187.990005,184.660004,175.244309,155014300
2014-03-12,SPY,186.320007,187.350006,185.899994,177.231641,104824400
2014-03-11,SPY,188.440002,188.710007,186.800003,177.184321,99009100
2014-03-10,SPY,187.970001,188.229996,187.080002,178.06443,74939200
2014-03-07,SPY,188.960007,188.960007,187.429993,178.159056,114513500
2014-03-06,SPY,188.210007,188.610001,187.779999,178.083347,82516500
2014-03-05,SPY,187.740005,188.070007,187.449997,177.676425,88376900
2014-03-04,SPY,186.789993,187.979996,186.75,177.515548,167545900
2014-03-03,SPY,184.649994,185.449997,183.75,175.055043,167748500
2014-02-28,SPY,185.789993,187.149994,185.050003,176.294754,150842000
2014-02-27,SPY,184.580002,185.869995,184.369995,175.849985,93880800
2014-02-26,SPY,185.110001,185.600006,184.330002,174.932028,98677200
2014-02-25,SPY,185.059998,185.589996,184.229996,174.922555,117085000
2014-02-24,SPY,184.279999,186.149994,184.199997,174.988806,114063900
2014-02-21,SPY,184.449997,184.889999,183.800003,174.02353,118116400
2014-02-20,SPY,183.270004,184.520004,182.600006,174.222269,104998100
2014-02-19,SPY,183.759995,184.949997,182.869995,173.200213,126524300
2014-02-18,SPY,184.179993,184.490005,183.649994,174.354757,80460900
2014-02-14,SPY,182.839996,184.360001,182.669998,174.146559,96498400
2014-02-13,SPY,180.839996,183.199997,180.830002,173.190741,100542200
2014-02-12,SPY,182.25,182.830002,181.710007,172.301188,94717700
2014-02-11,SPY,180.160004,182.440002,180.039993,172.216006,117814100
2014-02-10,SPY,179.699997,180.070007,179.210007,170.351703,92218800
2014-02-07,SPY,178.309998,179.869995,177.729996,170.039408,170787200
2014-02-06,SPY,175.580002,177.479996,175.220001,167.95745,132877600
2014-02-05,SPY,174.779999,175.559998,173.710007,165.771393,164230500
2014-02-04,SPY,174.949997,175.839996,174.110001,165.97959,165012400
2014-02-03,SPY,177.970001,178.369995,173.830002,164.825047,254837100
2014-01-31,SPY,177.009995,179.289993,176.919998,168.619889,194677900
2014-01-30,SPY,178.830002,179.809998,178.259995,169.613555,118938100
2014-01-29,SPY,177.580002,178.550003,176.880005,167.834434,216597300
2014-01-28,SPY,178.139999,179.300003,178.119995,169.46215,110463200
2014-01-27,SPY,179.059998,179.520004,177.119995,168.459012,180843100
2014-01-24,SPY,181.600006,181.660004,178.830002,169.291801,208677100
2014-01-23,SPY,183.369995,183.399994,181.820007,172.982544,132496900
2014-01-22,SPY,184.490005,184.570007,183.910004,174.411535,61270900
2014-01-21,SPY,184.699997,184.770004,183.050003,174.297964,88621200
2014-01-17,SPY,184.100006,184.449997,183.320007,173.786943,107848700
2014-01-16,SPY,184.279999,184.660004,183.830002,174.525092,72290600
2014-01-15,SPY,184.100006,184.940002,183.710007,174.75222,98525800
2014-01-14,SPY,182.289993,183.770004,181.949997,173.815332,105016100
2014-01-13,SPY,183.669998,184.179993,181.339996,171.941572,149892000
2014-01-10,SPY,183.949997,184.220001,183.009995,174.260116,102026400
2014-01-09,SPY,184.110001,184.130005,182.800003,173.786943,90683400
2014-01-08,SPY,183.449997,183.830002,182.889999,173.673386,96582300
2014-01-07,SPY,183.089996,183.789993,182.949997,173.635524,86144200
2014-01-06,SPY,183.490005,183.559998,182.080002,172.575622,108028200
2014-01-03,SPY,183.229996,183.600006,182.630005,173.077184,81390600
2014-01-02,SPY,183.979996,184.070007,182.479996,173.105573,119636900
2013-12-31,SPY,184.070007,184.690002,183.929993,174.780609,86119900
2013-12-30,SPY,183.869995,184.020004,183.580002,173.957293,56857000
2013-12-27,SPY,184.100006,184.179993,183.660004,173.985682,61814000
2013-12-26,SPY,183.339996,183.960007,183.320007,173.99514,63365000
2013-12-24,SPY,182.539993,183.009995,182.529999,173.115031,45368800
2013-12-23,SPY,182.449997,182.639999,182.070007,172.736499,85598000
2013-12-20,SPY,180.690002,181.990005,180.570007,171.818542,197087000
2013-12-19,SPY,181.179993,181.699997,180.710007,170.824887,136531200
2013-12-18,SPY,178.919998,181.729996,177.320007,171.022538,234906000
2013-12-17,SPY,179.380005,179.410004,178.25,168.151766,89886000
2013-12-16,SPY,178.949997,179.809998,178.899994,168.688278,96195000
2013-12-13,SPY,178.50,178.660004,177.770004,167.643505,107808000
2013-12-12,SPY,178.639999,178.860001,177.759995,167.662334,115565000
2013-12-11,SPY,180.820007,180.850006,178.50,168.21766,130591000
2013-12-10,SPY,180.979996,181.360001,180.639999,170.128367,80976000
2013-12-09,SPY,181.470001,181.669998,181.160004,170.740165,70124000
2013-12-06,SPY,180.669998,181.110001,180.149994,170.307204,127728000
2013-12-05,SPY,179.410004,179.740005,178.770004,168.424733,106934000
2013-12-04,SPY,179.100006,180.479996,178.350006,169.168303,123033000
2013-12-03,SPY,179.940002,180.389999,179.169998,169.187132,116563000
2013-12-02,SPY,181.089996,181.429993,180.25,169.921294,99726000
2013-11-29,SPY,181.320007,181.75,180.800003,170.363676,55870900
2013-11-27,SPY,180.869995,181.240005,180.649994,170.47662,58800000
2013-11-26,SPY,180.720001,181.220001,180.410004,170.062474,86994000
2013-11-25,SPY,181.130005,181.169998,180.369995,170.015424,79486000
2013-11-22,SPY,179.979996,180.830002,179.770004,170.184839,81296000
2013-11-21,SPY,178.970001,180.050003,178.860001,169.337733,92841000
2013-11-20,SPY,179.389999,179.929993,177.979996,167.982351,124909000
2013-11-19,SPY,179.330002,179.869995,178.720001,168.509441,93891000
2013-11-18,SPY,180.350006,180.50,179.020004,168.876522,104796000
2013-11-15,SPY,179.559998,180.119995,179.330002,169.469505,102818000
2013-11-14,SPY,178.539993,179.419998,178.25,168.735342,103435000
2013-11-13,SPY,176.089996,178.429993,176.089996,167.897643,103844000
2013-11-12,SPY,176.940002,177.360001,176.369995,166.56109,83990000
2013-11-11,SPY,177.119995,177.529999,176.910004,166.899936,62614000
2013-11-08,SPY,174.869995,177.309998,174.850006,166.871685,136713000
2013-11-07,SPY,177.50,177.639999,174.759995,164.650368,157000000
2013-11-06,SPY,177.029999,177.50,176.539993,166.758742,87348000
2013-11-05,SPY,176.139999,176.75,175.570007,165.911635,85825000
2013-11-04,SPY,176.690002,176.899994,175.979996,166.438725,85677000
2013-11-01,SPY,176.020004,176.610001,175.220001,165.855163,142805000
2013-10-31,SPY,176.149994,176.889999,175.529999,165.459832,133795000
2013-10-30,SPY,177.380005,177.509995,175.660004,165.930449,140002000
2013-10-29,SPY,176.630005,177.240005,176.380005,166.758742,87401000
2013-10-28,SPY,175.889999,176.470001,175.699997,165.873978,84979000
2013-10-25,SPY,175.509995,176.00,175.169998,165.610433,93625000
2013-10-24,SPY,174.919998,175.369995,174.509995,164.857441,70350000
2013-10-23,SPY,174.809998,174.889999,173.960007,164.311537,105484000
2013-10-22,SPY,174.910004,175.929993,174.429993,165.102172,126663000
2013-10-21,SPY,174.449997,174.75,174.009995,164.151514,104104000
2013-10-18,SPY,173.860001,174.509995,173.509995,164.142107,138316000
2013-10-17,SPY,171.369995,173.320007,171.339996,163.040863,129389000
2013-10-16,SPY,170.720001,172.160004,170.639999,161.958448,161676000
2013-10-15,SPY,170.509995,171.149994,169.470001,159.727709,155485000
2013-10-14,SPY,169.210007,171.080002,169.080002,160.894847,112106000
2013-10-11,SPY,168.910004,170.320007,168.770004,160.254799,105040000
2013-10-10,SPY,167.289993,169.259995,167.229996,159.228855,195955000
2013-10-09,SPY,165.800003,166.199997,164.529999,155.868651,168973000
2013-10-08,SPY,167.399994,167.619995,165.360001,155.755693,178015000
2013-10-07,SPY,167.419998,168.449997,167.25,157.5911,96295000
2013-10-04,SPY,167.75,169.059998,167.529999,158.96531,96878000
2013-10-03,SPY,168.789993,168.940002,166.839996,157.769937,176698000
2013-10-02,SPY,168.350006,169.339996,167.830002,159.238262,113350000
2013-10-01,SPY,168.139999,169.50,167.970001,159.388864,127160000
2013-09-30,SPY,167.479996,168.539993,167.149994,158.137018,143937000
2013-09-27,SPY,168.839996,169.139999,168.470001,158.984139,99141800
2013-09-26,SPY,169.320007,170.169998,169.050003,159.718302,77146900
2013-09-25,SPY,169.639999,169.979996,168.889999,159.10649,117306500
2013-09-24,SPY,169.899994,170.529999,169.210007,159.567701,106333100
2013-09-23,SPY,170.490005,170.649994,169.389999,159.944189,104616500
2013-09-20,SPY,172.330002,172.330002,170.580002,160.687774,132867100
2013-09-19,SPY,173.520004,173.600006,172.589996,161.819136,146616900
2013-09-18,SPY,171.009995,173.520004,170.580002,162.090778,203460600
2013-09-17,SPY,170.460007,171.110001,170.460007,160.236175,82523300
2013-09-16,SPY,171.160004,171.240005,170.039993,159.524297,106299200
2013-09-13,SPY,169.130005,169.460007,168.740005,158.606364,72727800
2013-09-12,SPY,169.339996,169.559998,168.720001,158.250425,83209000
2013-09-11,SPY,168.639999,169.399994,168.350006,158.671923,94545900
2013-09-10,SPY,168.639999,168.899994,168.259995,158.175489,105847200
2013-09-09,SPY,166.449997,167.729996,166.449997,157.014028,87559300
2013-09-06,SPY,166.509995,166.979996,164.479996,155.524711,159756500
2013-09-05,SPY,165.850006,166.399994,165.729996,155.44979,63090500
2013-09-04,SPY,164.429993,166.029999,164.130005,155.253083,97389400
2013-09-03,SPY,165.229996,165.580002,163.699997,153.979211,142375100
2013-08-30,SPY,164.509995,164.529999,163.169998,153.28607,134928900
2013-08-29,SPY,163.550003,165.039993,163.399994,153.773142,119200500
2013-08-28,SPY,163.259995,164.490005,163.050003,153.529613,108113000
2013-08-27,SPY,164.360001,166.00,163.210007,152.986343,158619400
2013-08-26,SPY,166.789993,167.300003,165.889999,155.487251,89702100
2013-08-23,SPY,166.550003,166.830002,165.770004,156.067982,90888900
2013-08-22,SPY,164.899994,166.300003,164.889999,155.543448,101471400
2013-08-21,SPY,165.119995,166.029999,164.190002,154.138443,159530500
2013-08-20,SPY,165.039993,166.199997,164.860001,155.093851,89294400
2013-08-19,SPY,165.639999,166.210007,164.759995,154.33515,96437600
2013-08-16,SPY,166.059998,166.630005,165.50,155.328018,130868200
2013-08-15,SPY,167.410004,167.429993,166.089996,155.84319,152931800
2013-08-14,SPY,169.529999,169.800003,168.699997,158.053732,79829200
2013-08-13,SPY,169.410004,169.899994,168.410004,158.868631,80806000
2013-08-12,SPY,168.460007,169.309998,168.380005,158.400295,68593300
2013-08-09,SPY,169.580002,170.100006,168.720001,158.587627,91757700
2013-08-08,SPY,169.979996,170.179993,168.929993,159.0466,102181300
2013-08-07,SPY,169.190002,169.429993,168.550003,158.465855,84854700
2013-08-06,SPY,170.369995,170.740005,169.350006,158.981026,87495000
2013-08-05,SPY,170.570007,170.960007,170.350006,159.889598,54072700
2013-08-02,SPY,170.279999,170.970001,170.050003,160.123765,91116700
2013-08-01,SPY,169.990005,170.809998,169.899994,159.852137,110438400
2013-07-31,SPY,168.940002,169.850006,168.490005,158.025633,142388700
2013-07-30,SPY,169.100006,169.279999,168.190002,157.913223,85209600
2013-07-29,SPY,168.679993,169.059998,168.110001,157.913223,79695000
2013-07-26,SPY,168.220001,169.160004,167.520004,158.400295,107814600
2013-07-25,SPY,168.220001,169.080002,167.940002,158.231687,111088600
2013-07-24,SPY,169.789993,169.860001,168.179993,157.847663,112914000
2013-07-23,SPY,169.800003,169.830002,169.050003,158.428394,80829700
2013-07-22,SPY,169.410004,169.740005,169.009995,158.765596,79428600
2013-07-19,SPY,168.520004,169.229996,168.309998,158.456493,103831700
2013-07-18,SPY,168.309998,169.270004,168.199997,158.175489,103620100
2013-07-17,SPY,168.160004,168.479996,167.729996,157.313755,92873900
2013-07-16,SPY,168.259995,168.360001,167.070007,156.910993,88702100
2013-07-15,SPY,167.970001,168.389999,167.679993,157.501086,69450600
2013-07-12,SPY,167.389999,167.929993,167.130005,156.901617,104212700
2013-07-11,SPY,167.110001,167.610001,165.179993,156.836058,135592200
2013-07-10,SPY,164.970001,165.75,164.630005,154.72855,121410100
2013-07-09,SPY,164.979996,165.330002,164.270004,154.672352,119298000
2013-07-08,SPY,163.860001,164.389999,163.080002,153.567074,108092500
2013-07-05,SPY,162.470001,163.080002,161.300003,152.695977,122416900
2013-07-03,SPY,160.479996,161.770004,160.220001,151.066166,75216400
2013-07-02,SPY,161.119995,162.300003,160.50,151.000607,154863700
2013-07-01,SPY,161.259995,162.479996,161.080002,151.141101,131954800
2013-06-28,SPY,160.630005,161.399994,159.860001,150.260629,160402900
2013-06-27,SPY,161.100006,161.820007,160.949997,150.878835,129483700
2013-06-26,SPY,159.869995,160.50,159.25,149.998363,134848000
2013-06-25,SPY,158.479996,160.100006,157.419998,148.527798,162262200
2013-06-24,SPY,157.410004,158.429993,155.729996,147.113417,222329000
2013-06-21,SPY,159.639999,159.759995,157.470001,148.996133,271956800
2013-06-20,SPY,161.860001,163.470001,158.979996,148.519358,321255900
2013-06-19,SPY,165.600006,165.889999,163.380005,152.292908,206149500
2013-06-18,SPY,164.529999,165.990005,164.520004,154.4266,114695600
2013-06-17,SPY,164.289993,165.220001,163.220001,153.215335,136295600
2013-06-14,SPY,164.029999,164.669998,162.910004,152.041334,141197500
2013-06-13,SPY,161.660004,164.50,161.300003,153.001039,163587800
2013-06-12,SPY,164.220001,164.389999,161.600006,150.708952,177361500
2013-06-11,SPY,163.300003,164.539993,162.740005,151.966807,159505400
2013-06-10,SPY,165.309998,165.399994,164.369995,153.550762,105667100
2013-06-07,SPY,163.850006,164.949997,163.139999,153.550762,188337800
2013-06-06,SPY,161.199997,162.740005,160.25,151.622054,200225500
2013-06-05,SPY,163.089996,163.419998,161.130005,150.261721,211737800
2013-06-04,SPY,164.440002,165.100006,162.729996,152.3954,157631500
2013-06-03,SPY,163.830002,164.460007,162.660004,153.131482,168390700
2013-05-31,SPY,165.369995,166.309998,163.130005,152.292908,176850100
2013-05-30,SPY,165.350006,166.589996,165.220001,154.510453,107793800
2013-05-29,SPY,165.419998,165.800003,164.339996,153.942091,160363400
2013-05-28,SPY,167.039993,167.779999,165.809998,154.948372,143679800
2013-05-24,SPY,164.470001,165.380005,163.979996,154.025945,151573900
2013-05-23,SPY,164.160004,165.910004,163.940002,154.156388,211064400
2013-05-22,SPY,167.339996,169.070007,165.169998,154.603619,244031800
2013-05-21,SPY,167.080002,167.800003,166.50,155.758982,95804200
2013-05-20,SPY,166.779999,167.580002,166.610001,155.535359,85071200
2013-05-17,SPY,165.949997,167.039993,165.729996,155.544685,129801000
2013-05-16,SPY,165.779999,166.360001,165.089996,154.053896,109913600
2013-05-15,SPY,164.960007,166.449997,164.910004,154.780652,120718500
2013-05-14,SPY,163.669998,165.350006,163.669998,153.951404,119000900
2013-05-13,SPY,163.199997,163.809998,162.820007,152.376761,81843200
2013-05-10,SPY,162.990005,163.550003,162.509995,152.255644,103203000
2013-05-09,SPY,163.270004,163.699997,162.470001,151.761823,106738600
2013-05-08,SPY,162.419998,163.389999,162.330002,152.190416,97419200
2013-05-07,SPY,162.130005,162.649994,161.669998,151.500937,90359200
2013-05-06,SPY,161.490005,162.009995,161.419998,150.736903,66882100
2013-05-03,SPY,161.139999,161.880005,159.779999,150.354887,144202300
2013-05-02,SPY,158.679993,159.889999,158.529999,148.845472,96407600
2013-05-01,SPY,159.330002,159.410004,158.100006,147.475813,138874200
2013-04-30,SPY,159.270004,159.720001,158.610001,148.780244,116010700
2013-04-29,SPY,158.669998,159.649994,158.419998,148.426192,88572800
2013-04-26,SPY,158.330002,158.600006,157.729996,147.43855,95918800
2013-04-25,SPY,158.339996,159.270004,158.100006,147.699436,131060600
2013-04-24,SPY,157.830002,158.300003,157.539993,147.103123,96781200
2013-04-23,SPY,156.949997,157.929993,156.169998,147.009943,166141300
2013-04-22,SPY,155.779999,156.539993,154.75,145.509841,106553500
2013-04-19,SPY,154.50,155.550003,154.119995,144.866938,149687600
2013-04-18,SPY,155.369995,155.410004,153.550003,143.61841,167583200
2013-04-17,SPY,156.289993,156.320007,154.279999,144.522199,226834800
2013-04-16,SPY,156.289993,157.490005,155.910004,146.665204,147507800
2013-04-15,SPY,158.00,158.130005,155.100006,144.531511,217259000
2013-04-12,SPY,158.679993,159.039993,157.919998,147.960322,116359900
2013-04-11,SPY,158.699997,159.710007,158.539993,148.3237,110142500
2013-04-10,SPY,157.169998,158.869995,157.130005,147.839191,135711100
2013-04-09,SPY,156.50,157.320007,155.979996,146.050252,101922200
2013-04-08,SPY,155.270004,156.220001,154.75,145.547119,86571200
2013-04-05,SPY,153.949997,155.350006,153.770004,144.568789,159666000
2013-04-04,SPY,155.429993,156.169998,155.089996,145.221004,131885000
2013-04-03,SPY,156.910004,157.029999,154.820007,144.634003,154167400
2013-04-02,SPY,156.610001,157.210007,156.369995,146.115481,101504300
2013-04-01,SPY,156.589996,156.910004,155.669998,145.398037,99194100
2013-03-28,SPY,156.089996,156.850006,155.75,145.975711,102932800
2013-03-27,SPY,155.259995,156.240005,155.00,145.52848,99950600
2013-03-26,SPY,155.589996,156.229996,155.419998,145.52848,86856600
2013-03-25,SPY,156.009995,156.270004,154.350006,144.373117,151322300
2013-03-22,SPY,154.850006,155.600006,154.729996,144.978757,111163600
2013-03-21,SPY,154.759995,155.639999,154.100006,143.823394,128605000
2013-03-20,SPY,155.520004,155.949997,155.259995,145.06261,113759300
2013-03-19,SPY,155.300003,155.509995,153.589996,144.056329,167567300
2013-03-18,SPY,154.339996,155.639999,154.199997,144.391756,126704300
2013-03-15,SPY,155.850006,156.039993,155.309998,145.193053,138601100
2013-03-14,SPY,156.309998,156.800003,155.910004,145.384981,126329900
2013-03-13,SPY,155.759995,156.119995,155.229996,144.615059,92550900
2013-03-12,SPY,155.919998,156.100006,155.210007,144.410983,105755800
2013-03-11,SPY,155.320007,156.039993,155.130005,144.735654,83746800
2013-03-08,SPY,155.460007,155.649994,154.660004,144.188365,123477800
2013-03-07,SPY,154.699997,154.979996,154.520004,143.576136,86101400
2013-03-06,SPY,154.839996,154.919998,154.160004,143.316405,94469900
2013-03-05,SPY,153.660004,154.699997,153.639999,143.1216,121431900
2013-03-04,SPY,151.759995,152.919998,151.520004,141.850773,99010200
2013-03-01,SPY,151.089996,152.339996,150.410004,141.099407,170634800
2013-02-28,SPY,151.899994,152.869995,151.410004,140.6356,126866000
2013-02-27,SPY,149.889999,152.330002,149.759995,140.913887,150781900
2013-02-26,SPY,149.720001,150.199997,148.729996,139.160697,186596200
2013-02-25,SPY,152.630005,152.860001,149.00,138.214526,245824800
2013-02-22,SPY,151.149994,151.889999,150.490005,140.895331,106356600
2013-02-21,SPY,150.960007,151.419998,149.940002,139.531737,183257000
2013-02-20,SPY,153.139999,153.190002,151.259995,140.38514,160574800
2013-02-19,SPY,152.369995,153.279999,152.160004,142.156887,95105400
2013-02-15,SPY,152.429993,152.589996,151.550003,141.099407,215226500
2013-02-14,SPY,151.690002,152.470001,151.520004,141.266371,80834300
2013-02-13,SPY,152.330002,152.610001,151.720001,141.136506,82322600
2013-02-12,SPY,151.779999,152.300003,151.610001,141.015926,65392700
2013-02-11,SPY,151.740005,151.899994,151.389999,140.784022,73775000
2013-02-08,SPY,151.220001,151.889999,151.220001,140.811849,103133700
2013-02-07,SPY,151.210007,151.350006,149.860001,140.032657,162490000
2013-02-06,SPY,150.520004,151.259995,150.410004,140.218177,138762800
2013-02-05,SPY,150.350006,151.479996,150.289993,140.116139,113912400
2013-02-04,SPY,150.320007,151.270004,149.429993,138.715432,159073600
2013-02-01,SPY,150.649994,151.419998,150.389999,140.292388,131173000
2013-01-31,SPY,149.889999,150.380005,149.600006,138.863854,108975800
2013-01-30,SPY,150.639999,150.940002,149.929993,139.207081,137447700
2013-01-29,SPY,149.770004,150.850006,149.669998,139.75437,105694400
2013-01-28,SPY,150.289993,150.330002,149.509995,139.207081,113357700
2013-01-25,SPY,149.880005,150.25,149.369995,139.374044,147211600
2013-01-24,SPY,149.149994,150.139999,149.009995,138.594852,146426400
2013-01-23,SPY,149.130005,149.50,148.860001,138.557739,104596100
2013-01-22,SPY,148.330002,149.130005,147.979996,138.335121,111797300
2013-01-18,SPY,147.970001,148.490005,147.429993,137.593027,169906000
2013-01-17,SPY,147.699997,148.419998,147.149994,137.286912,133833500
2013-01-16,SPY,146.770004,147.279999,146.610001,136.405681,104849500
2013-01-15,SPY,146.289993,147.210007,146.199997,136.424238,93172600
2013-01-14,SPY,146.889999,147.070007,146.429993,136.331471,89567200
2013-01-11,SPY,147.039993,147.149994,146.610001,136.424238,113917300
2013-01-10,SPY,146.729996,147.089996,145.970001,136.433509,130735400
2013-01-09,SPY,145.869995,146.320007,145.639999,135.357473,90745600
2013-01-08,SPY,145.710007,145.910004,144.979996,135.01426,121265100
2013-01-07,SPY,145.850006,146.110001,145.429993,135.403856,110002500
2013-01-04,SPY,145.970001,146.610001,145.669998,135.774896,116817700
2013-01-03,SPY,145.990005,146.369995,145.339996,135.181224,144761800
2013-01-02,SPY,145.110001,146.149994,144.729996,135.487338,192059000
2012-12-31,SPY,139.660004,142.559998,139.539993,132.101552,243935200
2012-12-28,SPY,140.639999,141.419998,139.869995,129.893825,148806700
2012-12-27,SPY,141.789993,142.080002,139.919998,131.313074,167920600
2012-12-26,SPY,142.639999,142.710007,141.350006,131.489323,106947700
2012-12-24,SPY,142.479996,142.559998,142.190002,132.045897,53874600
2012-12-21,SPY,142.169998,144.089996,141.940002,132.454036,245883800
2012-12-20,SPY,144.380005,145.139999,143.979996,133.667358,168487000
2012-12-19,SPY,145.529999,145.580002,144.240005,132.902858,150895400
2012-12-18,SPY,144.00,145.50,143.789993,133.897628,177762800
2012-12-17,SPY,142.470001,143.850006,142.429993,132.423906,143238200
2012-12-14,SPY,142.320007,142.580002,141.880005,130.885701,137701700
2012-12-13,SPY,143.419998,143.830002,142.270004,131.373873,135715000
2012-12-12,SPY,144.00,144.550003,143.309998,132.184416,145880100
2012-12-11,SPY,143.059998,144.110001,142.990005,132.119947,152570400
2012-12-10,SPY,142.210007,142.809998,142.149994,131.226497,98840700
2012-12-07,SPY,142.529999,142.690002,141.669998,131.171234,108726400
2012-12-06,SPY,141.369995,142.039993,141.160004,130.775162,103220600
2012-12-05,SPY,141.369995,142.160004,140.369995,130.333047,147300500
2012-12-04,SPY,141.440002,141.869995,140.869995,130.102776,127512200
2012-12-03,SPY,142.800003,142.919998,141.339996,130.28699,124656300
2012-11-30,SPY,142.139999,142.419998,141.660004,130.931744,136568300
2012-11-29,SPY,141.990005,142.509995,141.369995,130.904113,151085900
2012-11-28,SPY,139.759995,141.539993,139.00,130.29621,177086500
2012-11-27,SPY,140.910004,141.389999,140.240005,129.255383,128646200
2012-11-26,SPY,140.649994,141.360001,140.190002,129.918563,100124400
2012-11-23,SPY,140.130005,141.399994,140.039993,130.19489,65409200
2012-11-21,SPY,139.309998,139.570007,139.029999,128.444827,81710800
2012-11-20,SPY,138.910004,139.419998,138.080002,128.205351,119807400
2012-11-19,SPY,137.899994,139.149994,136.410004,128.150088,151495800
2012-11-16,SPY,135.899994,136.639999,134.699997,125.607894,239483900
2012-11-15,SPY,135.979996,136.490005,135.179993,124.990771,178128400
2012-11-14,SPY,138.210007,138.429993,135.619995,125.202615,191505000
2012-11-13,SPY,137.539993,139.25,137.360001,126.915828,123018300
2012-11-12,SPY,138.589996,138.809998,137.960007,127.357957,97677500
2012-11-09,SPY,137.619995,139.440002,137.550003,127.256638,201055300
2012-11-08,SPY,139.699997,140.410004,137.929993,127.146098,181517300
2012-11-07,SPY,141.660004,141.679993,139.059998,128.693523,264304500
2012-11-06,SPY,142.279999,143.520004,142.130005,131.677832,107068100
2012-11-05,SPY,141.350006,142.169998,140.929993,130.655431,98378500
2012-11-02,SPY,143.679993,143.720001,141.410004,130.388309,137702200
2012-11-01,SPY,141.649994,143.009995,141.520004,131.558087,100995600
2012-10-31,SPY,141.850006,142.029999,140.679993,130.19489,103438500
2012-10-26,SPY,141.300003,141.839996,140.389999,130.19489,146023500
2012-10-25,SPY,142.020004,142.279999,140.570007,130.268564,134457400
2012-10-24,SPY,141.929993,142.100006,140.800003,129.890932,120179400
2012-10-23,SPY,141.860001,142.059998,140.830002,130.259359,192056300
2012-10-22,SPY,143.149994,143.669998,142.279999,132.092316,125578600
2012-10-19,SPY,145.550003,145.559998,143.050003,132.07389,185645200
2012-10-18,SPY,145.820007,146.520004,145.330002,134.312126,148108500
2012-10-17,SPY,145.639999,146.320007,145.419998,134.662127,128834100
2012-10-16,SPY,144.759995,145.639999,144.660004,134.05421,108815500
2012-10-15,SPY,143.229996,144.229996,142.770004,132.709439,107689100
2012-10-12,SPY,143.460007,143.949997,142.580002,131.61335,124181900
2012-10-11,SPY,144.279999,144.490005,143.330002,132.046259,123601500
2012-10-10,SPY,144.179993,144.320007,143.089996,131.972571,124247500
2012-10-09,SPY,145.529999,145.649994,144.149994,132.819964,148872900
2012-10-08,SPY,145.600006,146.119995,145.309998,134.146324,78415400
2012-10-05,SPY,146.910004,147.160004,145.699997,134.606865,124842100
2012-10-04,SPY,145.639999,146.339996,145.440002,134.597659,124311600
2012-10-03,SPY,144.889999,145.429993,144.130005,133.639726,121283100
2012-10-02,SPY,144.919998,145.149994,143.830002,133.096292,113422200
2012-10-01,SPY,144.520004,145.690002,144.009995,132.958135,135911200
2012-09-28,SPY,144.089996,144.559998,143.460007,132.608119,150696100
2012-09-27,SPY,143.889999,144.970001,143.509995,133.225242,111830300
2012-09-26,SPY,144.070007,144.110001,142.949997,131.981777,146502200
2012-09-25,SPY,145.960007,146.240005,144.059998,132.727865,133165200
2012-09-24,SPY,145.149994,145.979996,145.039993,134.15553,95682000
2012-09-21,SPY,146.639999,146.669998,145.809998,134.358169,108737500
2012-09-20,SPY,146.029999,146.789993,145.630005,134.414368,154009800
2012-09-19,SPY,146.789993,147.169998,146.410004,134.405197,128318300
2012-09-18,SPY,146.490005,146.809998,146.25,134.3319,98326600
2012-09-17,SPY,146.940002,147.190002,146.369995,134.441852,119427800
2012-09-14,SPY,146.880005,148.110001,146.759995,134.899948,169777000
2012-09-13,SPY,144.369995,147.039993,143.990005,134.304415,225470200
2012-09-12,SPY,144.389999,144.550003,143.899994,132.288798,87640900
2012-09-11,SPY,143.600006,144.369995,143.559998,131.84903,88760000
2012-09-10,SPY,144.190002,144.440002,143.460007,131.482546,86458500
2012-09-07,SPY,144.009995,144.389999,143.880005,132.233829,107272100
2012-09-06,SPY,141.759995,143.779999,141.75,131.720764,158272500
2012-09-05,SPY,141.089996,141.470001,140.630005,129.100458,100660300
2012-09-04,SPY,141.039993,141.460007,140.130005,129.210396,120226200
2012-08-31,SPY,141.289993,141.820007,140.360001,129.329506,151970400
2012-08-30,SPY,140.899994,140.940002,140.190002,128.715659,96589900
2012-08-29,SPY,141.520004,141.889999,141.119995,129.650164,65421300
2012-08-28,SPY,141.179993,141.839996,140.970001,129.549382,75689600
2012-08-27,SPY,141.889999,142.080002,141.339996,129.677649,68785900
2012-08-24,SPY,140.309998,141.830002,140.220001,129.650164,99481200
2012-08-23,SPY,141.470001,141.479996,140.440002,128.87141,111466400
2012-08-22,SPY,141.399994,142.050003,141.070007,129.934195,133243500
2012-08-21,SPY,142.539993,143.089996,141.449997,129.879212,105581100
2012-08-20,SPY,141.979996,142.220001,141.589996,130.273181,78255700
2012-08-17,SPY,142.229996,142.300003,141.860001,130.26401,90813700
2012-08-16,SPY,141.149994,142.160004,140.800003,130.089946,112014200
2012-08-15,SPY,140.639999,141.190002,140.550003,129.137099,71085900
2012-08-14,SPY,141.289993,141.380005,140.369995,128.990505,102379400
2012-08-13,SPY,140.600006,140.839996,140.039993,128.972192,79426900
2012-08-10,SPY,140.039993,140.889999,139.809998,129.036318,99792700
2012-08-09,SPY,140.289993,140.889999,140.149994,128.825598,90291700
2012-08-08,SPY,139.850006,140.649994,139.809998,128.715659,89754700
2012-08-07,SPY,140.179993,140.919998,140.029999,128.559909,109545100
2012-08-06,SPY,139.720001,140.169998,139.559998,127.918564,86326200
2012-08-03,SPY,138.559998,139.639999,136.679993,127.671202,157825000
2012-08-02,SPY,136.550003,137.570007,135.580002,125.188319,199556600
2012-08-01,SPY,138.699997,138.729996,137.399994,126.058697,138293800
2012-07-31,SPY,138.490005,138.869995,137.710007,126.16865,120575900
2012-07-30,SPY,138.520004,139.339996,138.270004,127.057342,106782000
2012-07-27,SPY,136.889999,139.070007,136.139999,127.057342,236768900
2012-07-26,SPY,135.889999,136.460007,135.259995,124.757708,156526500
2012-07-25,SPY,134.210007,134.559998,133.25,122.732934,129122300
2012-07-24,SPY,135.190002,135.25,133.029999,122.705436,173301200
2012-07-23,SPY,134.470001,136.380005,133.839996,123.76822,145210900
2012-07-20,SPY,136.949997,137.160004,136.320007,125.032568,142904500
2012-07-19,SPY,137.649994,138.179993,137.210007,126.186964,129847300
2012-07-18,SPY,136.039993,137.639999,135.960007,125.857134,113349700
2012-07-17,SPY,135.970001,136.639999,134.550003,124.931787,138860300
2012-07-16,SPY,135.440002,135.830002,134.899994,124.079722,97525200
2012-07-13,SPY,133.860001,135.889999,133.839996,124.37291,129642600
2012-07-12,SPY,133.380005,134.229996,132.600006,122.320637,143583200
2012-07-11,SPY,134.210007,134.600006,133.380005,122.916169,141733400
2012-07-10,SPY,136.009995,136.229996,133.679993,122.897842,167884800
2012-07-09,SPY,135.380005,135.570007,134.699997,123.978954,103780500
2012-07-06,SPY,135.470001,135.770004,134.850006,124.134705,151192100
2012-07-05,SPY,136.899994,137.800003,136.289993,125.325742,126177500
2012-07-03,SPY,136.479996,137.509995,136.339996,125.89379,80450000
2012-07-02,SPY,136.479996,136.649994,135.520004,125.06921,129524500
2012-06-29,SPY,135.199997,136.270004,134.850006,124.693582,212250900
2012-06-28,SPY,132.289993,132.990005,131.279999,121.660979,169242100
2012-06-27,SPY,132.419998,133.429993,131.970001,122.009136,108088000
2012-06-26,SPY,131.699997,132.380005,130.929993,120.918866,141634000
2012-06-25,SPY,132.050003,132.100006,130.850006,120.314191,146375700
2012-06-22,SPY,133.130005,133.710007,132.619995,122.274839,130029200
2012-06-21,SPY,135.639999,135.779999,132.330002,121.34032,205272200
2012-06-20,SPY,135.710007,136.100006,134.270004,124.125534,206451800
2012-06-19,SPY,135.080002,136.25,134.369995,124.327097,137382600
2012-06-18,SPY,133.580002,134.729996,133.279999,123.136046,131360900
2012-06-15,SPY,133.380005,134.259995,133.100006,122.897842,169444500
2012-06-14,SPY,132.339996,134.00,131.979996,121.653655,230615500
2012-06-13,SPY,132.529999,133.360001,131.619995,120.377605,172223900
2012-06-12,SPY,131.789993,133.009995,131.160004,121.152345,181931800
2012-06-11,SPY,134.169998,134.25,131.279999,119.776033,169756100
2012-06-08,SPY,131.710007,133.130005,131.289993,121.316416,143915400
2012-06-07,SPY,133.470001,133.529999,131.779999,120.359372,184772700
2012-06-06,SPY,129.970001,132.029999,129.929993,120.286453,184202800
2012-06-05,SPY,127.849998,129.259995,127.779999,117.643201,164149400
2012-06-04,SPY,128.389999,128.740005,127.139999,116.759075,202545800
2012-06-01,SPY,129.410004,131.50,128.160004,116.813761,253240900
2012-05-31,SPY,131.710007,132.449997,130.339996,119.830719,196186000
2012-05-30,SPY,132.559998,133.690002,131.490005,120.095038,162370400
2012-05-29,SPY,133.160004,133.929993,131.169998,121.863289,152883500
2012-05-25,SPY,132.479996,132.850006,131.779999,120.404948,135465600
2012-05-24,SPY,132.630005,132.839996,131.419998,120.796873,167357600
2012-05-23,SPY,131.25,132.460007,129.990005,120.559896,204958400
2012-05-22,SPY,132.309998,133.229996,131.339996,120.496086,197531200
2012-05-21,SPY,130.160004,132.020004,129.949997,120.286453,177861100
2012-05-18,SPY,131.369995,131.600006,129.550003,118.253883,319615900
2012-05-17,SPY,132.860001,133.020004,130.789993,119.274722,247992900
2012-05-16,SPY,133.940002,134.550003,132.800003,121.070316,207265500
2012-05-15,SPY,134.020004,134.809998,133.130005,121.53516,207629300
2012-05-14,SPY,134.309998,135.610001,133.910004,122.236994,163910000
2012-05-11,SPY,135.169998,136.869995,135.110001,123.604196,153032400
2012-05-10,SPY,136.679993,136.850006,135.710007,123.977901,150600000
2012-05-09,SPY,135.100006,136.610001,134.490005,123.722691,220752500
2012-05-08,SPY,136.279999,136.770004,134.919998,124.460978,213377700
2012-05-07,SPY,136.509995,137.559998,136.460007,124.962289,127765900
2012-05-04,SPY,138.520004,139.300003,136.919998,124.871136,193927300
2012-05-03,SPY,140.339996,140.449997,138.990005,126.92194,143759700
2012-05-02,SPY,139.919998,140.460007,139.460007,127.897217,121081000
2012-05-01,SPY,139.789993,141.660004,139.630005,128.280032,138832200
2012-04-30,SPY,140.110001,140.210007,139.490005,127.487045,115092200
2012-04-27,SPY,140.580002,140.789993,139.800003,127.961013,130725000
2012-04-26,SPY,138.889999,140.320007,138.809998,127.751379,136291600
2012-04-25,SPY,138.649994,139.25,138.529999,126.867254,150252200
2012-04-24,SPY,136.910004,137.660004,136.800003,125.153689,137484200
2012-04-23,SPY,136.539993,136.910004,135.940002,124.679722,171844900
2012-04-20,SPY,138.330002,138.830002,137.869995,125.737028,143199600
2012-04-19,SPY,138.630005,139.149994,137.070007,125.527394,198666700
2012-04-18,SPY,138.460007,139.080002,138.380005,126.338601,123884200
2012-04-17,SPY,137.839996,139.360001,137.699997,126.766992,147877600
2012-04-16,SPY,137.839996,138.039993,136.580002,124.916712,147825300
2012-04-13,SPY,138.470001,138.820007,137.009995,124.998741,169246700
2012-04-12,SPY,137.130005,138.899994,137.029999,126.502658,154321500
2012-04-11,SPY,137.289993,137.539993,136.75,124.871136,154133000
2012-04-10,SPY,137.949997,138.339996,135.759995,123.868516,235360300
2012-04-09,SPY,138.029999,139.839996,137.839996,125.983129,127555900
2012-04-05,SPY,139.380005,140.199997,139.259995,127.414126,137439400
2012-04-04,SPY,140.220001,140.339996,139.339996,127.477936,146896000
2012-04-03,SPY,141.639999,141.880005,140.429993,128.753986,155806700
2012-04-02,SPY,140.639999,142.210007,140.360001,129.282639,151741100
2012-03-30,SPY,140.919998,141.050003,140.050003,128.343828,135486800
2012-03-29,SPY,139.639999,140.490005,139.089996,127.815175,164963700
2012-03-28,SPY,141.100006,141.320007,139.639999,128.033932,148562100
2012-03-27,SPY,141.740005,141.830002,141.080002,128.671957,119868500
2012-03-26,SPY,140.649994,141.610001,140.600006,129.073005,120164000
2012-03-23,SPY,139.320007,139.809998,138.550003,127.286521,120521000
2012-03-22,SPY,139.179993,139.550003,138.740005,126.876363,135216700
2012-03-21,SPY,140.520004,140.649994,139.919998,127.796955,122388400
2012-03-20,SPY,140.050003,140.610001,139.639999,128.006589,121729700
2012-03-19,SPY,140.210007,141.279999,140.110001,128.380294,125291100
2012-03-16,SPY,140.360001,140.479996,140.00,127.878984,152893500
2012-03-15,SPY,140.119995,140.779999,139.759995,127.702155,165118500
2012-03-14,SPY,140.100006,140.449997,139.479996,126.96709,145163600
2012-03-13,SPY,138.320007,140.130005,138.089996,127.103208,184090500
2012-03-12,SPY,137.550003,137.759995,137.089996,124.852634,104003500
2012-03-09,SPY,137.300003,137.929993,137.130005,124.843564,122836800
2012-03-08,SPY,136.520004,137.320007,136.240005,124.362581,116968900
2012-03-07,SPY,135.059998,135.910004,134.929993,123.137476,143692200
2012-03-06,SPY,135.350006,135.429993,134.360001,122.284432,202129900
2012-03-05,SPY,137.100006,137.199997,136.279999,124.099414,140765000
2012-03-02,SPY,137.639999,137.820007,137.00,124.607607,120638300
2012-03-01,SPY,137.309998,137.990005,136.929993,124.988752,145023500
2012-02-29,SPY,137.759995,138.190002,136.539993,124.344441,185934700
2012-02-28,SPY,137.199997,137.720001,136.929993,124.83448,129355900
2012-02-27,SPY,136.020004,137.529999,135.800003,124.471489,145728900
2012-02-24,SPY,136.929993,137.199997,136.630005,124.262756,105539100
2012-02-23,SPY,135.960007,136.729996,135.50,123.99052,137704300
2012-02-22,SPY,136.259995,136.550003,135.789993,123.44602,124455300
2012-02-21,SPY,136.729996,137.050003,136.050003,123.845318,134042300
2012-02-17,SPY,136.520004,136.630005,135.960007,123.790871,129869400
2012-02-16,SPY,134.570007,136.169998,134.330002,123.464173,186567800
2012-02-15,SPY,135.630005,135.830002,134.289993,122.112007,195195100
2012-02-14,SPY,135.00,135.270004,134.25,122.68373,165329500
2012-02-13,SPY,135.320007,135.520004,134.740005,122.838002,115841900
2012-02-10,SPY,134.160004,134.470001,133.839996,121.930511,167907500
2012-02-09,SPY,135.410004,135.589996,134.559998,122.838002,148602900
2012-02-08,SPY,134.860001,135.220001,134.309998,122.68373,139361400
2012-02-07,SPY,134.169998,135.020004,133.639999,122.320726,135528100
2012-02-06,SPY,133.979996,134.509995,133.830002,122.012182,107694500
2012-02-03,SPY,134.00,134.619995,133.770004,122.093853,160598500
2012-02-02,SPY,132.729996,133.020004,132.210007,120.405919,113090400
2012-02-01,SPY,132.289993,133.139999,132.130005,120.215353,166234500
2012-01-31,SPY,132.020004,132.179993,130.679993,119.171744,157212000
2012-01-30,SPY,130.509995,131.440002,130.059998,119.217108,147311800
2012-01-27,SPY,131.240005,132.050003,131.149994,119.62549,135259100
2012-01-26,SPY,133.149994,133.399994,131.360001,119.679937,184880500
2012-01-25,SPY,131.259995,132.869995,130.75,120.297024,198613200
2012-01-24,SPY,130.800003,131.50,130.600006,119.298792,103083300
2012-01-23,SPY,131.509995,132.25,130.979996,119.43491,129295800
2012-01-20,SPY,131.240005,131.949997,130.919998,119.743454,138230200
2012-01-19,SPY,131.220001,131.570007,130.800003,119.298792,126328900
2012-01-18,SPY,129.309998,130.839996,129.080002,118.672621,163395200
2012-01-17,SPY,130.080002,130.320007,128.899994,117.374902,132209200
2012-01-13,SPY,128.639999,129.050003,127.720001,116.921156,179836200
2012-01-12,SPY,129.570007,129.699997,128.539993,117.529174,118983700
2012-01-11,SPY,128.729996,129.369995,128.520004,117.247853,111540700
2012-01-10,SPY,129.389999,129.649994,128.949997,117.184336,115282000
2012-01-09,SPY,128.00,128.179993,127.410004,116.177021,99530200
2012-01-06,SPY,128.199997,128.220001,127.290001,115.895694,148050000
2012-01-05,SPY,127.010002,128.229996,126.43,116.19516,173895000
2012-01-04,SPY,127.199997,127.809998,126.709999,115.886617,127186500
2012-01-03,SPY,127.760002,128.380005,127.43,115.705121,193697900
2011-12-30,SPY,126.019997,126.330002,125.50,113.890139,95599000
2011-12-29,SPY,125.239998,126.25,124.860001,114.452786,123507200
2011-12-28,SPY,126.510002,126.529999,124.730003,113.282122,119107100
2011-12-27,SPY,126.169998,126.82,126.059998,114.788553,86075700
2011-12-23,SPY,125.669998,126.43,125.410004,114.697806,92187200
2011-12-22,SPY,124.629997,125.400002,124.230003,113.681413,119465400
2011-12-21,SPY,123.93,124.360001,122.75,112.683174,194230900
2011-12-20,SPY,122.18,124.139999,120.370003,112.465378,225418100
2011-12-19,SPY,122.059998,122.32,120.029999,109.162111,183903000
2011-12-16,SPY,122.230003,122.949997,121.300003,110.341845,220481400
2011-12-15,SPY,123.029999,123.199997,121.989998,110.178506,199109200
2011-12-14,SPY,122.559998,123.029999,121.470001,109.781724,238618800
2011-12-13,SPY,124.860001,125.57,122.449997,110.96305,245159800
2011-12-12,SPY,124.949997,124.970001,123.160004,112.009102,215826100
2011-12-09,SPY,124.510002,126.370003,124.400002,113.668366,209111400
2011-12-08,SPY,125.900002,126.18,123.650002,111.774639,240862800
2011-12-07,SPY,125.839996,127.260002,124.970001,114.281571,237802500
2011-12-06,SPY,126.209999,127.110001,125.760002,113.857737,178842100
2011-12-05,SPY,126.839996,127.18,125.440002,113.821666,225263900
2011-12-02,SPY,126.120003,126.50,124.779999,112.595255,221109700
2011-12-01,SPY,124.849998,125.639999,124.43,112.694451,176954800
2011-11-30,SPY,123.489998,125.220001,120.00,112.712483,324439500
2011-11-29,SPY,120.050003,121.00,119.610001,108.257734,199241500
2011-11-28,SPY,119.540001,120.18,118.82,107.951128,210686000
2011-11-25,SPY,116.379997,117.699997,116.199997,104.912154,99557000
2011-11-23,SPY,118.07,119.190002,116.559998,105.110545,224329100
2011-11-22,SPY,119.400002,120.099998,118.519997,107.48221,216494900
2011-11-21,SPY,120.199997,120.349998,118.650002,107.906043,229611600
2011-11-18,SPY,122.50,122.75,121.470001,109.998154,215580400
2011-11-17,SPY,123.849998,124.160004,121.230003,110.115382,331219600
2011-11-16,SPY,124.809998,126.339996,123.900002,111.891874,235782500
2011-11-15,SPY,125.169998,126.75,124.720001,113.695418,184709400
2011-11-14,SPY,126.190002,127.449997,124.919998,113.136317,159258300
2011-11-11,SPY,125.830002,126.989998,125.790001,114.218448,189924400
2011-11-10,SPY,124.790001,124.940002,123.019997,112.108298,231866500
2011-11-09,SPY,124.889999,125.800003,122.860001,111.062246,337982000
2011-11-08,SPY,126.919998,128.020004,125.709999,115.318604,224426300
2011-11-07,SPY,125.389999,126.389999,124.199997,113.857737,196617200
2011-11-04,SPY,125.230003,125.699997,124.010002,113.154356,249401600
2011-11-03,SPY,125.269997,126.50,123.599998,113.848718,291174800
2011-11-02,SPY,123.830002,124.400002,122.790001,111.810711,244717600
2011-11-01,SPY,122.029999,123.510002,121.519997,110.016187,416565800
2011-10-31,SPY,127.160004,128.619995,125.32,113.172389,228146700
2011-10-28,SPY,128.00,128.850006,127.800003,115.967888,225906500
2011-10-27,SPY,127.629997,129.419998,126.610001,115.99494,393220200
2011-10-26,SPY,124.349998,124.769997,122.209999,112.090265,289053800
2011-10-25,SPY,124.889999,124.949997,122.779999,110.96305,268596800
2011-10-24,SPY,124.169998,125.800003,124.059998,113.163369,203215600
2011-10-21,SPY,123.089996,124.120003,122.720001,111.792679,278999400
2011-10-20,SPY,121.43,122.099998,119.82,109.709588,262075600
2011-10-19,SPY,122.379997,123.080002,120.709999,109.231643,226601300
2011-10-18,SPY,120.139999,123.50,119.199997,110.539216,318857900
2011-10-17,SPY,121.989998,122.550003,119.93,108.420053,202311600
2011-10-14,SPY,121.910004,122.599998,121.230003,110.530196,211397600
2011-10-13,SPY,120.040001,120.870003,119.120003,108.672548,212538800
2011-10-12,SPY,120.599998,122.139999,120.330002,108.888972,281544900
2011-10-11,SPY,118.870003,120.040001,118.75,107.942108,209088000
2011-10-10,SPY,117.68,119.629997,117.669998,107.8339,230666300
2011-10-07,SPY,117.169998,117.25,115.059998,104.34404,312657900
2011-10-06,SPY,114.360001,116.660004,113.510002,105.047421,257800800
2011-10-05,SPY,112.620003,114.720001,111.580002,103.180753,284108000
2011-10-04,SPY,108.349998,112.580002,107.43,101.305066,459177500
2011-10-03,SPY,112.489998,113.949997,109.809998,99.131799,365136800
2011-09-30,SPY,114.449997,115.449997,113.07,102.035506,288392300
2011-09-29,SPY,117.050003,117.629997,113.93,104.650646,298108900
2011-09-28,SPY,117.779999,118.489998,114.970001,103.83003,286696800
2011-09-27,SPY,118.529999,119.559998,116.839996,105.994284,311753900
2011-09-26,SPY,114.610001,116.400002,112.980003,104.821978,260673700
2011-09-23,SPY,112.110001,114.160004,112.019997,102.387196,307242500
2011-09-22,SPY,113.25,114.209999,111.300003,101.773991,513911300
2011-09-21,SPY,120.230003,120.599998,116.440002,105.173668,316251300
2011-09-20,SPY,120.82,121.989998,120.010002,108.365942,218932200
2011-09-19,SPY,119.529999,120.93,118.720001,108.49219,241517000
2011-09-16,SPY,121.290001,121.970001,120.32,109.583333,284528300
2011-09-15,SPY,120.650002,121.470001,119.400002,108.938563,326777200
2011-09-14,SPY,118.339996,120.800003,116.720001,107.090476,319389500
2011-09-13,SPY,117.050003,118.18,116.220001,105.628149,272514700
2011-09-12,SPY,114.470001,116.760002,114.050003,104.66822,305793500
2011-09-09,SPY,117.68,119.059998,115.279999,103.995372,380195100
2011-09-08,SPY,119.57,120.940002,118.769997,106.794421,250568200
2011-09-07,SPY,118.760002,120.339996,118.360001,107.915835,209803200
2011-09-06,SPY,114.389999,117.160004,114.379997,104.955301,285130500
2011-09-02,SPY,118.419998,120.870003,117.43,105.726834,255517200
2011-09-01,SPY,122.290001,123.400002,120.779999,108.498971,254585900
2011-08-31,SPY,122.459999,123.510002,121.300003,109.647297,301828400
2011-08-30,SPY,120.830002,122.43,119.260002,109.162845,241315700
2011-08-29,SPY,119.559998,121.43,118.059998,108.875764,190977200
2011-08-26,SPY,115.690002,118.510002,113.849998,105.834492,314495900
2011-08-25,SPY,118.730003,119.400002,115.870003,104.318339,312365400
2011-08-24,SPY,116.190002,118.239998,115.919998,105.933177,246869700
2011-08-23,SPY,113.150002,116.57,112.580002,104.461883,331136600
2011-08-22,SPY,115.169998,115.230003,112.410004,101.13353,275090600
2011-08-19,SPY,112.959999,115.879997,112.50,101.052784,428281300
2011-08-18,SPY,116.50,119.709999,113.389999,102.730421,512956300
2011-08-17,SPY,120.25,121.199997,118.720001,107.359611,238201100
2011-08-16,SPY,119.470001,120.690002,118.309998,107.287839,294095200
2011-08-15,SPY,119.190002,120.739998,119.00,108.211889,258810600
2011-08-12,SPY,118.400002,119.209999,117.279999,105.969063,313731600
2011-08-11,SPY,113.260002,118.919998,112.32,105.260329,487979700
2011-08-10,SPY,115.260002,116.279999,111.949997,100.73879,662607400
2011-08-09,SPY,114.07,117.639999,110.269997,105.3949,717828700
2011-08-08,SPY,116.910004,120.120003,112.019997,100.711877,702263900
2011-08-05,SPY,121.760002,122.07,116.860001,107.727438,655619200
2011-08-04,SPY,124.419998,124.620003,120.059998,107.888922,520721800
2011-08-03,SPY,125.660004,126.309998,123.529999,113.19096,370830800
2011-08-02,SPY,127.809998,128.50,125.489998,112.580911,346653800
2011-08-01,SPY,130.839996,130.960007,127.529999,115.532471,325790900
2011-07-29,SPY,128.910004,130.550003,127.970001,116.025896,307038400
2011-07-28,SPY,130.600006,131.770004,130.009995,116.824341,207939900
2011-07-27,SPY,132.589996,132.630005,130.429993,117.165255,249020100
2011-07-26,SPY,133.740005,133.960007,133.029999,119.614418,131278200
2011-07-25,SPY,133.300003,134.490005,133.160004,120.062983,136653800
2011-07-22,SPY,134.520004,134.720001,133.759995,120.735831,126019400
2011-07-21,SPY,133.399994,134.820007,132.669998,120.655092,245246300
2011-07-20,SPY,133.070007,133.149994,132.419998,119.004362,137145400
2011-07-19,SPY,131.339996,132.889999,131.309998,119.076134,166554900
2011-07-18,SPY,131.080002,131.279999,129.630005,117.174222,196872100
2011-07-15,SPY,131.660004,131.869995,130.770004,118.143124,220012800
2011-07-14,SPY,132.169998,132.779999,130.679993,117.461296,226111800
2011-07-13,SPY,132.089996,133.220001,131.520004,118.277688,204062600
2011-07-12,SPY,131.690002,132.779999,131.360001,117.882949,214675700
2011-07-11,SPY,132.75,133.179993,131.660004,118.39432,195918600
2011-07-08,SPY,133.830002,135.360001,133.389999,120.57434,194100500
2011-07-07,SPY,135.160004,135.699997,134.880005,121.435592,170464200
2011-07-06,SPY,133.490005,134.139999,133.110001,120.188581,143331600
2011-07-05,SPY,133.779999,134.080002,133.389999,120.045037,165936000
2011-07-01,SPY,132.089996,134.100006,131.779999,120.143721,202385700
2011-06-30,SPY,131.139999,132.179993,130.710007,118.39432,223322700
2011-06-29,SPY,130.199997,130.929993,129.630005,117.272906,244295500
2011-06-28,SPY,128.449997,129.630005,128.270004,116.277091,165556300
2011-06-27,SPY,126.889999,128.429993,126.639999,114.778885,168904700
2011-06-24,SPY,128.270004,128.369995,126.620003,113.765123,226129300
2011-06-23,SPY,127.160004,128.639999,126.190002,115.101852,334286500
2011-06-22,SPY,129.050003,129.809998,128.589996,115.433786,176703000
2011-06-21,SPY,128.360001,129.699997,127.75,116.133547,193157300
2011-06-20,SPY,126.620003,127.970001,126.580002,114.563568,159479000
2011-06-17,SPY,127.93,127.940002,126.620003,113.980439,233284900
2011-06-16,SPY,127.059998,127.970001,126.32,113.641329,308032800
2011-06-15,SPY,128.240005,129.300003,126.68,113.391366,300958000
2011-06-14,SPY,128.869995,129.770004,128.820007,115.444597,160570400
2011-06-13,SPY,127.889999,128.240005,127.050003,113.998406,207599800
2011-06-10,SPY,128.850006,128.929993,127.260002,113.909137,238629400
2011-06-09,SPY,128.770004,129.929993,128.460007,115.516001,160964400
2011-06-08,SPY,128.759995,129.190002,128.179993,114.641154,198696400
2011-06-07,SPY,129.699997,130.070007,128.850006,115.123223,161660500
2011-06-06,SPY,130.089996,130.360001,128.869995,115.194627,179951200
2011-06-03,SPY,130.149994,131.419998,130.080002,116.426564,234690200
2011-06-02,SPY,131.960007,132.240005,130.960007,117.596005,200466800
2011-06-01,SPY,134.509995,134.919998,131.759995,117.720983,233094300
2011-05-31,SPY,134.770004,134.919998,133.839996,120.425878,164731200
2011-05-27,SPY,133.369995,133.869995,132.960007,119.185019,120921900
2011-05-26,SPY,132.029999,133.240005,131.779999,118.729744,164850000
2011-05-25,SPY,131.419998,132.940002,131.380005,118.185194,151050100
2011-05-24,SPY,132.440002,132.729996,131.699997,117.792402,147199600
2011-05-23,SPY,131.979996,132.720001,131.589996,117.8906,168700000
2011-05-20,SPY,134.330002,134.679993,133.360001,119.274295,182594900
2011-05-19,SPY,134.800003,135.029999,133.940002,120.229482,119489500
2011-05-18,SPY,133.240005,134.50,132.949997,119.943823,135217900
2011-05-17,SPY,132.690002,133.350006,132.119995,118.881503,192686200
2011-05-16,SPY,133.559998,134.610001,132.970001,118.89936,141675400
2011-05-13,SPY,135.149994,135.339996,133.559998,119.658151,157444900
2011-05-12,SPY,134.080002,135.360001,133.389999,120.586572,171550700
2011-05-11,SPY,135.669998,135.690002,133.820007,120.015241,193564200
2011-05-10,SPY,135.169998,136.110001,135.00,121.291803,114806900
2011-05-09,SPY,134.190002,135.110001,133.979996,120.265198,114104500
2011-05-06,SPY,134.940002,135.630005,133.679993,119.800987,222787200
2011-05-05,SPY,134.080002,134.949997,133.020004,119.274295,226900000
2011-05-04,SPY,135.669998,135.729996,134.229996,120.363396,182678500
2011-05-03,SPY,135.960007,136.190002,135.039993,121.166825,138375000
2011-05-02,SPY,137.070007,137.179993,135.949997,121.604255,126278700
2011-04-29,SPY,136.160004,136.570007,135.979996,121.791715,115094100
2011-04-28,SPY,135.429993,136.289993,135.410004,121.506057,124791100
2011-04-27,SPY,135.050003,135.869995,134.50,121.113265,143031000
2011-04-26,SPY,134.050003,135.059998,133.910004,120.32768,146600000
2011-04-25,SPY,133.679993,133.860001,133.199997,119.301075,65757100
2011-04-21,SPY,133.789993,133.839996,133.100006,119.426053,135935400
2011-04-20,SPY,132.880005,133.389999,132.789993,118.81902,156133800
2011-04-19,SPY,130.759995,131.350006,130.440002,117.221071,124258800
2011-04-18,SPY,130.589996,132.029999,129.509995,116.551542,210759300
2011-04-15,SPY,131.800003,132.369995,131.410004,117.872742,170006700
2011-04-14,SPY,130.699997,131.759995,130.270004,117.444247,161220400
2011-04-13,SPY,132.080002,132.179993,130.960007,117.354985,162059000
2011-04-12,SPY,131.720001,131.979996,130.990005,117.363907,161187400
2011-04-11,SPY,133.00,133.449997,132.139999,118.24769,121385400
2011-04-08,SPY,133.910004,133.990005,132.309998,118.604766,147945400
2011-04-07,SPY,133.419998,133.979996,132.660004,119.015416,170731500
2011-04-06,SPY,133.880005,134.00,133.119995,119.318933,120411600
2011-04-05,SPY,133.00,133.830002,132.940002,118.943998,120791500
2011-04-04,SPY,133.429993,133.669998,132.880005,118.961843,100768900
2011-04-01,SPY,133.410004,133.770004,132.830002,118.863645,153850100
2011-03-31,SPY,132.600006,132.960007,132.449997,118.363732,132537100
2011-03-30,SPY,132.550003,133.160004,132.360001,118.524426,135835000
2011-03-29,SPY,130.869995,131.899994,130.440002,117.712061,129798800
2011-03-28,SPY,131.580002,131.919998,130.940002,116.926477,109762400
2011-03-25,SPY,131.240005,131.869995,130.889999,117.212149,155642800
2011-03-24,SPY,130.399994,131.089996,129.669998,116.855059,159129800
2011-03-23,SPY,128.929993,130.00,128.320007,115.748113,148603100
2011-03-22,SPY,129.720001,129.889999,129.169998,115.417803,129538600
2011-03-21,SPY,129.350006,130.009995,129.199997,115.819531,153992600
2011-03-18,SPY,128.839996,128.880005,127.510002,114.051973,230435400
2011-03-17,SPY,128.00,128.389999,127.099998,113.638645,254303700
2011-03-16,SPY,128.149994,128.570007,125.279999,112.154278,468670300
2011-03-15,SPY,126.589996,129.330002,126.50,114.269723,359585400
2011-03-14,SPY,129.990005,130.479996,129.059998,115.594105,234974100
2011-03-11,SPY,129.520004,131.309998,129.490005,116.296285,225621800
2011-03-10,SPY,131.00,131.179993,129.809998,115.496331,301291800
2011-03-09,SPY,132.320007,132.800003,131.600006,117.673995,153806000
2011-03-08,SPY,131.639999,133.00,131.070007,117.842878,174615000
2011-03-07,SPY,132.860001,133.160004,130.740005,116.820699,216790400
2011-03-04,SPY,133.369995,133.630005,131.600006,117.745104,277202300
2011-03-03,SPY,132.399994,133.619995,132.389999,118.633948,176480100
2011-03-02,SPY,130.75,131.820007,130.350006,116.625166,200277400
2011-03-01,SPY,133.570007,133.690002,130.889999,116.376278,258565500
2011-02-28,SPY,132.820007,133.320007,132.380005,118.349511,141585500
2011-02-25,SPY,131.479996,132.410004,131.399994,117.620667,141686900
2011-02-24,SPY,130.880005,131.440002,129.699997,116.376278,260431400
2011-02-23,SPY,131.75,132.070007,130.210007,116.456284,227584000
2011-02-22,SPY,133.119995,134.559998,131.470001,117.176245,233116400
2011-02-18,SPY,134.369995,134.690002,134.059998,119.57612,130002400
2011-02-17,SPY,133.460007,134.429993,133.339996,119.327245,109810500
2011-02-16,SPY,133.460007,134.009995,133.190002,118.971713,130183500
2011-02-15,SPY,133.020004,133.220001,132.320007,118.225074,119575400
2011-02-14,SPY,133.029999,133.539993,132.880005,118.598387,101690700
2011-02-11,SPY,131.800003,133.279999,131.770004,118.313964,137710300
2011-02-10,SPY,131.600006,132.470001,131.300003,117.611783,162708500
2011-02-09,SPY,132.210007,132.630005,131.610001,117.567338,146436700
2011-02-08,SPY,132.089996,132.639999,131.729996,117.833994,99072800
2011-02-07,SPY,131.440002,132.399994,131.429993,117.300683,112439100
2011-02-04,SPY,130.830002,131.199997,130.229996,116.571824,134634800
2011-02-03,SPY,130.259995,130.979996,129.570007,116.242957,145886700
2011-02-02,SPY,130.399994,130.839996,130.330002,115.985198,118323600
2011-02-01,SPY,129.460007,130.970001,129.380005,116.207409,167194300
2011-01-31,SPY,128.070007,128.779999,127.75,114.37638,149249200
2011-01-28,SPY,130.139999,130.350006,127.510002,113.523098,295637300
2011-01-27,SPY,129.699997,130.210007,129.470001,115.540776,123302700
2011-01-26,SPY,129.490005,130.050003,129.229996,115.25634,141281500
2011-01-25,SPY,128.759995,129.279999,128.110001,114.811918,167552200
2011-01-24,SPY,128.289993,129.25,128.259995,114.749706,113715500
2011-01-21,SPY,128.880005,129.169998,128.229996,114.10084,151462900
2011-01-20,SPY,127.959999,128.399994,127.129997,113.843082,175745700
2011-01-19,SPY,129.410004,129.539993,127.910004,113.994184,151958400
2011-01-18,SPY,129.179993,129.639999,129.029999,115.123019,114401300
2011-01-14,SPY,128.190002,129.330002,128.100006,114.927472,117677900
2011-01-13,SPY,128.630005,128.690002,128.050003,114.10084,129048400
2011-01-12,SPY,128.210007,128.720001,127.459999,114.287504,107929200
2011-01-11,SPY,127.440002,127.739998,126.949997,113.265332,110287000
2011-01-10,SPY,126.580002,127.160004,126.199997,112.865355,122401700
2011-01-07,SPY,127.559998,127.769997,126.150002,113.007567,156034600
2011-01-06,SPY,127.690002,127.830002,127.010002,113.229778,122519000
2011-01-05,SPY,126.580002,127.720001,126.459999,113.451988,133975300
2011-01-04,SPY,127.330002,127.370003,126.190002,112.865355,137409700
2011-01-03,SPY,126.709999,127.599998,125.699997,112.927574,138725200
