Symbol,Date,Open,High,Low,Close,Volume
AAME,16-Jul-2012,2.77,2.8,2.7,2.8,51900
AAON,16-Jul-2012,9.0889,9.1511,8.9555,8.9778,23500
AAPL,16-Jul-2012,86.4457,87.3743,86.4314,86.7014,10760900
AAWW,16-Jul-2012,44.98,46.14,44.87,44.9,110400
AAXJ,16-Jul-2012,51.52,51.79,51.34,51.59,292500
ABAX,16-Jul-2012,39.41,39.63,39.1,39.39,87900
ABCB,16-Jul-2012,12.66,12.66,12.36,12.44,24000
ABCD,16-Jul-2012,1.12,1.12,1.05,1.09,63000
ABCO,16-Jul-2012,50.23,50.66,50.14,50.41,335800
ABIO,16-Jul-2012,20.16,25.62,19.74,23.1,287700
ABMD,16-Jul-2012,24.28,24.35,23.94,24.27,310500
ABTL,16-Jul-2012,3.83,3.83,3.76,3.76,8400
ACAD,16-Jul-2012,1.55,1.62,1.52,1.57,348800
ACAS,16-Jul-2012,10,10,9.86,9.9,699700
ACAT,16-Jul-2012,35.94,36.79,35.59,36.27,83700
ACET,16-Jul-2012,9.18,9.34,9.05,9.28,80000
ACFC,16-Jul-2012,2.6,2.6,2.6,2.6,100
ACGL,16-Jul-2012,39.53,39.53,39.1,39.24,412400
ACHC,16-Jul-2012,18.7,18.7,17.73,17.86,111800
ACHN,16-Jul-2012,6.47,6.6,6.3,6.54,357200
ACIW,16-Jul-2012,15.49,15.5833,15.3,15.3467,132600
ACLS,16-Jul-2012,3.88,4,3.64,3.72,1008000
ACNB,16-Jul-2012,14.4,14.58,14.4,14.4,1500
ACOR,16-Jul-2012,25.31,25.74,25.12,25.66,138400
ACPW,16-Jul-2012,4.05,4.1,3.85,3.9,178200
ACRX,16-Jul-2012,3.4,3.4,3.2,3.3,110000
ACTG,16-Jul-2012,38.69,39.01,38.1,38.99,210100
ACTS,16-Jul-2012,1.7,1.7,1.65,1.66,24600
ACUR,16-Jul-2012,3.23,3.23,3.05,3.11,13800
ACWI,16-Jul-2012,43.63,43.65,43.3,43.54,600300
ACWX,16-Jul-2012,36.59,36.76,36.41,36.69,156800
ACXM,16-Jul-2012,16,16.17,15.83,16.12,283400
ADBE,16-Jul-2012,30.65,30.65,30.24,30.4,1879500
ADES,16-Jul-2012,11.675,12.3,11.675,12.175,139000
ADI,16-Jul-2012,36.35,36.57,36.07,36.17,2102600
ADP,16-Jul-2012,48.762,49.1747,48.683,48.885,1611300
ADRA,16-Jul-2012,22.88,22.9,22.88,22.9,700
ADRD,16-Jul-2012,18.46,18.56,18.45,18.52,3600
ADRE,16-Jul-2012,36.94,37.01,36.78,36.95,43500
ADRU,16-Jul-2012,18.24,18.29,18.17,18.29,800
ADSK,16-Jul-2012,31.53,31.56,30.94,31.39,1659800
ADTN,16-Jul-2012,21.57,21.68,21.11,21.46,1634200
ADUS,16-Jul-2012,4.5,4.5,4.4,4.4,10300
AEGN,16-Jul-2012,18.4,18.78,17.98,18.03,109100
AEGR,16-Jul-2012,14.84,14.84,14.58,14.69,37000
AEHR,16-Jul-2012,1.29,1.3,1.29,1.3,11400
AEIS,16-Jul-2012,11.57,11.69,11.44,11.49,422300
AEPI,16-Jul-2012,46.75,46.98,46.75,46.91,22100
AETI,16-Jul-2012,4.55,4.59,4.5,4.57,2700
AEY,16-Jul-2012,2.1,2.1,2.1,2.1,4600
AEZS,16-Jul-2012,282,282,264,270,950400
AFAM,16-Jul-2012,22.74,23.49,22.6,23.02,60300
AFSI,16-Jul-2012,15.13,15.345,14.94,14.995,137200
AGEN,16-Jul-2012,5.15,5.16,5.04,5.1,84100
AGII,16-Jul-2012,30.79,30.85,30.65,30.68,29100
AGNC,16-Jul-2012,34.72,35.19,34.72,35.08,5048200
AGNCP,16-Jul-2012,26.25,26.5,26.25,26.49,45300
AGYS,16-Jul-2012,8.53,8.96,8.38,8.81,35300
AHGP,16-Jul-2012,44.2,44.53,43.51,44.29,48000
AHPI,16-Jul-2012,2.96,2.98,2.9,2.93,3800
AIMC,16-Jul-2012,14.96,15.07,14.81,14.88,39000
AINV,16-Jul-2012,8,8.15,7.97,8.05,1039600
AIRM,16-Jul-2012,31.8767,32.4867,31.21,32.2967,97600
AIRT,16-Jul-2012,8.65,8.65,8.07,8.07,1300
AIXG,16-Jul-2012,12.97,13.08,12.84,12.91,270200
AKAM,16-Jul-2012,29.93,30.34,29.64,30.01,1611000
AKRX,16-Jul-2012,16.23,16.34,15.91,16.21,794300
ALCO,16-Jul-2012,32,32.46,31.74,31.74,9500
ALGN,16-Jul-2012,31.47,31.47,30.02,30.98,2176900
ALGT,16-Jul-2012,73.12,73.9,73.03,73.66,159100
ALIM,16-Jul-2012,2.98,3.04,2.89,3,77800
ALKS,16-Jul-2012,17.3,17.4,17,17.3,659900
ALLT,16-Jul-2012,21.9,22.56,21.74,22.47,314300
ALNY,16-Jul-2012,13.7,19.26,13.32,19.16,9611500
ALOG,16-Jul-2012,64.22,65,64.06,64.85,48500
ALOT,16-Jul-2012,8,8,7.85,7.96,2300
ALSK,16-Jul-2012,2.32,2.32,2.29,2.29,177600
ALXN,16-Jul-2012,96.87,98.34,96.62,97.5,976100
AMAG,16-Jul-2012,15.74,15.87,15.58,15.83,58200
AMAT,16-Jul-2012,10.48,10.48,10.31,10.38,7929000
AMCC,16-Jul-2012,5.04,5.09,4.92,4.94,197800
AMCN,16-Jul-2012,2.2,2.2,2.07,2.18,17400
AMCX,16-Jul-2012,42.45,42.59,41.74,42.49,428600
AMD,16-Jul-2012,4.85,4.87,4.74,4.83,14793800
AMED,16-Jul-2012,12.74,13,12.57,12.93,171700
AMGN,16-Jul-2012,76.56,77.73,76.51,77.26,3175700
AMKR,16-Jul-2012,4.69,4.74,4.64,4.67,603800
AMNB,16-Jul-2012,23.3,23.38,22.82,23.06,3600
AMOT,16-Jul-2012,6.04,6.04,6,6,700
AMOV,16-Jul-2012,26.32,26.75,26.32,26.75,1500
AMRB,16-Jul-2012,7,7.07,6.95,7.06,1300
AMRI,16-Jul-2012,2.68,2.91,2.64,2.86,48700
AMRN,16-Jul-2012,14.67,15.25,14.43,14.92,5805900
AMRS,16-Jul-2012,3.35,3.39,3,3,837500
AMSC,16-Jul-2012,46,46,43.4,44.2,338400
AMSF,16-Jul-2012,27.6,27.98,25.6,27.24,30500
AMSG,16-Jul-2012,31.06,31.55,30.91,31.2,126100
AMSWA,16-Jul-2012,8.46,8.54,8.37,8.53,18000
AMWD,16-Jul-2012,18.71,18.71,18.32,18.45,7200
AMZN,16-Jul-2012,216.6,218.31,214.46,216.01,2004300
ANAT,16-Jul-2012,72.44,72.53,71.4,71.8,6900
ANCB,16-Jul-2012,10.75,10.75,10.75,10.75,0
ANCX,16-Jul-2012,13.42,13.5,13.16,13.49,43400
ANDAU,16-Jul-2012,10,10,10,10,0
ANDAW,16-Jul-2012,0.21,0.21,0.21,0.21,75000
ANDE,16-Jul-2012,26.4933,26.4933,25.4667,25.6467,165400
ANGI,16-Jul-2012,14.66,14.7,14.55,14.62,85200
ANGO,16-Jul-2012,11.75,11.82,11.5,11.6,505000
ANIK,16-Jul-2012,13.88,14.04,13.81,13.87,57700
ANSS,16-Jul-2012,57.19,57.19,56.31,56.51,362900
ANTH,16-Jul-2012,6.08,10.72,5.92,10.64,23307300
AOSL,16-Jul-2012,8.61,8.75,7.74,8.27,97500
APEI,16-Jul-2012,30.59,31.16,30.39,30.71,102200
APOG,16-Jul-2012,16.77,16.83,16.3,16.34,219400
APOL,16-Jul-2012,31.62,32.34,31.55,31.95,2334100
APPY,16-Jul-2012,16,16,15.2,15.28,59300
APRI,16-Jul-2012,33.8,33.9,31.6,31.8,225800
APWC,16-Jul-2012,3.15,3.16,3.15,3.16,4000
ARAY,16-Jul-2012,6.58,6.58,6.35,6.38,296200
ARCC,16-Jul-2012,16.31,16.42,16.2,16.33,560200
ARCI,16-Jul-2012,3.96,4.39,3.96,4.39,1500
ARCW,16-Jul-2012,1.2,1.2,1.2,1.2,0
AREX,16-Jul-2012,26.25,28.23,26.18,27.34,477400
ARIA,16-Jul-2012,17.39,17.8,17.36,17.71,975300
ARII,16-Jul-2012,26.17,27.02,25.9,26.9,76600
ARKR,16-Jul-2012,14.99,15.67,14.71,15.21,10700
ARLP,16-Jul-2012,30.045,30.045,29.19,29.42,76000
ARNA,16-Jul-2012,11.35,11.64,10.95,11.11,16862200
AROW,16-Jul-2012,24.31,24.79,24.15,24.34,11300
ARQL,16-Jul-2012,6.2,6.21,6.12,6.17,215300
ARRS,16-Jul-2012,13.85,13.9,13.7,13.77,773100
ARRY,16-Jul-2012,3.47,3.74,3.46,3.72,966800
ARTNA,16-Jul-2012,21.48,21.74,21.37,21.39,18500
ARTW,16-Jul-2012,8.01,8.14,7.71,7.73,15400
ARTX,16-Jul-2012,0.91,0.92,0.91,0.92,6900
ARWR,16-Jul-2012,3.46,3.7,3.46,3.61,24300
ASBB,16-Jul-2012,14.47,14.5,14.47,14.5,1100
ASCMA,16-Jul-2012,54.35,54.35,52.46,53.05,8100
ASFI,16-Jul-2012,9.37,9.44,9.25,9.36,30000
ASML,16-Jul-2012,51.24,51.28,50.7,50.99,1343600
ASNA,16-Jul-2012,18.88,18.91,18.5,18.56,585600
ASPS,16-Jul-2012,73.9,75.23,73.86,75,75300
ASRV,16-Jul-2012,2.85,2.87,2.85,2.87,1900
ASRVP,16-Jul-2012,26.32,26.32,26.27,26.27,600
ASTC,16-Jul-2012,1.14,1.14,1.08,1.08,24400
ASTE,16-Jul-2012,29.78,30.27,29.52,29.66,77700
ASUR,16-Jul-2012,7.75,7.75,7.11,7.35,24800
ASYS,16-Jul-2012,4.11,4.21,4.09,4.15,51800
ATAI,16-Jul-2012,4.26,4.68,4.17,4.4,16900
ATAX,16-Jul-2012,5.38,5.46,5.36,5.41,236100
ATEC,16-Jul-2012,21.6,21.6,21,21.36,20900
ATHN,16-Jul-2012,82.79,82.79,79.53,80.38,475500
ATHX,16-Jul-2012,1.54,1.57,1.52,1.57,63400
ATLO,16-Jul-2012,23.56,23.56,22.99,23.15,1800
ATNI,16-Jul-2012,36.7,36.82,35.87,36.04,10400
ATRC,16-Jul-2012,9.78,9.97,9.73,9.88,21300
ATRI,16-Jul-2012,208.09,213.49,205.69,208.91,2400
ATRO,16-Jul-2012,24.2417,24.7167,23.9333,24.675,24000
ATRS,16-Jul-2012,4.97,5.34,4.83,5.3,3937200
ATSG,16-Jul-2012,5.59,5.59,5.44,5.46,44600
ATVI,16-Jul-2012,12.04,12.17,11.93,12.11,3621100
AUBN,16-Jul-2012,22.23,22.23,22.23,22.23,0
AUDC,16-Jul-2012,1.67,1.7,1.66,1.67,49300
AVAV,16-Jul-2012,25.28,25.28,24.6,24.9,184700
AVEO,16-Jul-2012,12.97,13.15,12.81,13.03,194300
AVGO,16-Jul-2012,32.97,33.09,32.38,32.74,1376000
AVHI,16-Jul-2012,15.51,15.51,14.82,15.12,30600
AVID,16-Jul-2012,7.69,7.69,7.25,7.26,111500
AVNW,16-Jul-2012,32.52,32.64,31.68,32.4,54100
AWRE,16-Jul-2012,6.53,6.53,6.38,6.43,11700
AXAS,16-Jul-2012,3,3.03,2.89,2.9,722500
AXTI,16-Jul-2012,3.93,3.97,3.85,3.94,32300
AZPN,16-Jul-2012,22.74,22.99,22.66,22.88,360100
BABY,16-Jul-2012,12.73,12.83,12.63,12.71,77800
BANF,16-Jul-2012,43.15,43.5,42.58,42.63,4400
BANFP,16-Jul-2012,27.02,27.02,27.02,27.02,0
BANR,16-Jul-2012,21.17,21.21,20.88,21.07,63500
BASI,16-Jul-2012,1.02,1.02,1.02,1.02,0
BBBY,16-Jul-2012,60.85,61.68,60.49,60.68,1672700
BBGI,16-Jul-2012,5.9,6,5.9,5.96,10000
BBOX,16-Jul-2012,27.04,27.4,26.79,26.8,82500
BBRG,16-Jul-2012,18.5,18.55,18.11,18.17,75400
BBRY,16-Jul-2012,7.22,7.25,6.89,6.99,26547500
BBSI,16-Jul-2012,21.24,21.61,21.04,21.49,22800
BCBP,16-Jul-2012,10.34,10.5,10.34,10.4,7300
BCOM,16-Jul-2012,2.73,2.73,2.73,2.73,0
BCOR,16-Jul-2012,12.9,13.23,12.79,12.93,113300
BCOV,16-Jul-2012,13.73,14.54,13.5,14.34,158300
BCPC,16-Jul-2012,34.79,35.11,34.54,34.61,55100
BCRX,16-Jul-2012,4.3,4.34,4.13,4.19,363500
BDE,16-Jul-2012,10.04,10.17,9.89,9.94,42400
BDGE,16-Jul-2012,23.44,23.48,22.69,23.1,17700
BDSI,16-Jul-2012,4.88,4.9,4.76,4.81,89200
BEAT,16-Jul-2012,2.11,2.18,2.08,2.1,105800
BEAV,16-Jul-2012,41,41.1,39.97,40.98,688700
BEBE,16-Jul-2012,5.95,5.96,5.85,5.9,141500
BECN,16-Jul-2012,26.88,26.99,26.4,26.54,168400
BELFA,16-Jul-2012,19.51,19.65,19.47,19.49,1800
BELFB,16-Jul-2012,19.08,19.39,18.93,19.24,14500
BFIN,16-Jul-2012,8,8,7.94,7.97,13300
BGCP,16-Jul-2012,6,6.05,5.92,6,329500
BGFV,16-Jul-2012,7.85,8,7.62,7.65,55000
BIB,16-Jul-2012,13.5,13.7938,13.245,13.6875,8400
BICK,16-Jul-2012,21.77,21.91,21.77,21.8,4300
BIDU,16-Jul-2012,108.9,109.19,107,107.35,2766600
BIIB,16-Jul-2012,144.17,145.4,143.84,145.22,630700
BIOC,16-Jul-2012,16.23,16.35,16.05,16.08,5400
BIOD,16-Jul-2012,3.03,3.06,2.86,2.99,26800
BIOL,16-Jul-2012,1.88,1.88,1.77,1.8,58600
BIOS,16-Jul-2012,7.19,7.24,7.08,7.1,305500
BIS,16-Jul-2012,75.28,76.6,75.04,75.72,26200
BJRI,16-Jul-2012,39.98,40.93,39.47,40.5,335000
BKCC,16-Jul-2012,9.65,9.83,9.65,9.69,203800
BKEP,16-Jul-2012,6.6,6.69,6.52,6.52,2700
BKEPP,16-Jul-2012,8.8,8.8,8.8,8.8,0
BKMU,16-Jul-2012,4.37,4.5,4.3,4.49,118400
BKSC,16-Jul-2012,11.37,11.37,11.37,11.37,100
BLDP,16-Jul-2012,1.11,1.15,1.1,1.11,93300
BLDR,16-Jul-2012,4.92,5.03,4.81,4.98,245600
BLIN,16-Jul-2012,7.1,7.1,6.7,6.7,12800
BLKB,16-Jul-2012,26.95,27.03,26.49,26.52,136000
BLMT,16-Jul-2012,12.99,12.99,12.87,12.87,900
BLRX,16-Jul-2012,2.78,2.78,2.63,2.63,22300
BMRC,16-Jul-2012,37.24,37.44,37.02,37.08,2300
BMRN,16-Jul-2012,43.18,43.71,42.31,42.4,2336800
BMTC,16-Jul-2012,21.12,21.42,20.99,21.24,24200
BNCL,16-Jul-2012,8.92,8.92,8.71,8.72,21200
BNCN,16-Jul-2012,7.75,7.75,7.75,7.75,0
BNSO,16-Jul-2012,0.99,0.99,0.99,0.99,0
BOBE,16-Jul-2012,39.74,39.76,39.25,39.31,66100
BOCH,16-Jul-2012,4.17,4.17,4.15,4.15,3400
BOFI,16-Jul-2012,5.0575,5.085,5.03,5.075,22800
BOKF,16-Jul-2012,58.76,58.92,57.89,58.51,19800
BONT,16-Jul-2012,7.72,7.83,7.51,7.54,72300
BOOM,16-Jul-2012,17.82,17.82,17.24,17.3,45800
BOSC,16-Jul-2012,3.04,3.04,3.04,3.04,0
BOTJ,16-Jul-2012,5.2,5.2,5.2,5.2,200
BPFH,16-Jul-2012,9.09,9.09,8.96,9.07,279700
BPFHW,16-Jul-2012,3.99,3.99,3.98,3.98,2600
BPOP,16-Jul-2012,16.21,16.25,15.76,15.79,2073500
BPOPM,16-Jul-2012,22.93,22.93,22.93,22.93,300
BPOPN,16-Jul-2012,22.15,22.5,21.86,22.5,6800
BRCD,16-Jul-2012,4.51,4.55,4.45,4.51,3184300
BREW,16-Jul-2012,8.5,8.55,8.3,8.38,15000
BRID,16-Jul-2012,8.38,8.39,8.18,8.2,1200
BRKL,16-Jul-2012,9.19,9.25,9.09,9.14,257500
BRKR,16-Jul-2012,13.69,13.73,13.53,13.58,341100
BRKS,16-Jul-2012,9.18,9.23,9.02,9.1,210200
BSET,16-Jul-2012,11.62,11.96,11.62,11.89,66000
BSFT,16-Jul-2012,21.74,21.82,20.82,21.01,595600
BSPM,16-Jul-2012,9.31,9.66,9.1,9.38,36200
BSQR,16-Jul-2012,3,3,2.84,2.9,2500
BSRR,16-Jul-2012,10.55,10.68,10.5,10.61,10000
BSTC,16-Jul-2012,20.25,20.25,19.51,19.56,5400
BUR,16-Jul-2012,5.8,5.8,5.8,5.8,0
BUSE,16-Jul-2012,4.97,4.99,4.83,4.95,89200
BV,16-Jul-2012,16.13,16.21,15.71,15.89,152200
BVSN,16-Jul-2012,10.42,10.68,10,10.01,85100
BWEN,16-Jul-2012,2.9,3.1,2.7,3.1,721100
BWINA,16-Jul-2012,23.99,23.99,23.99,23.99,100
BWINB,16-Jul-2012,23.57,23.75,23.57,23.64,3700
BWLD,16-Jul-2012,85.1,85.78,84,84.28,330400
BYFC,16-Jul-2012,1.07,1.07,0.94,0.94,500
CA,16-Jul-2012,25.8,25.84,25.56,25.65,2495600
CAAS,16-Jul-2012,4.05,4.06,3.9,4.02,56900
CAC,16-Jul-2012,38.19,38.51,38.19,38.25,3500
CACB,16-Jul-2012,5.5,5.59,5.44,5.55,9500
CACC,16-Jul-2012,94.99,95,94.01,94.2,11700
CADC,16-Jul-2012,11.76,11.88,10.2,10.92,263900
CAKE,16-Jul-2012,32.34,32.81,32.06,32.16,1444600
CALD,16-Jul-2012,4.53,4.6,4.48,4.5,117000
CALI,16-Jul-2012,2.34,2.4,2.04,2.04,4000
CALL,16-Jul-2012,20.38,20.75,19.93,20.42,275000
CALM,16-Jul-2012,18.45,18.5,18.075,18.14,85800
CAMP,16-Jul-2012,7.92,8.11,7.87,7.95,201400
CAMT,16-Jul-2012,2.19,2.22,2.1,2.21,44800
CAR,16-Jul-2012,15.15,15.16,14.77,15,876100
CARB,16-Jul-2012,9.02,9.26,9.02,9.15,57900
CART,16-Jul-2012,2.52,2.99,2.52,2.9,3500
CARV,16-Jul-2012,7.17,7.5,6.32,7.47,8500
CARZ,16-Jul-2012,23.36,23.36,23.35,23.35,200
CASH,16-Jul-2012,20.82,21.07,20.82,21.07,600
CASM,16-Jul-2012,1.71,1.71,1.7,1.7,300
CASS,16-Jul-2012,42.29,42.29,41.09,41.91,9400
CASY,16-Jul-2012,61.75,61.95,61.12,61.42,257100
CATM,16-Jul-2012,31.03,31.15,30.51,30.82,123200
CATY,16-Jul-2012,16.84,16.97,16.66,16.85,393300
CAVM,16-Jul-2012,23.7,23.74,22.78,23.31,1447800
CBAK,16-Jul-2012,2.4,2.4,1.95,2.2,48600
CBAN,16-Jul-2012,4.63,5.25,4.63,5,14200
CBLI,16-Jul-2012,33,34.4,33,33.4,33200
CBMX,16-Jul-2012,114,142.5,114,141,7000
CBOE,16-Jul-2012,28.22,28.34,28.12,28.17,246500
CBPO,16-Jul-2012,10.01,10.39,10.01,10.19,9900
CBRL,16-Jul-2012,63.03,63.93,62.65,62.99,179700
CBSH,16-Jul-2012,39.83,40.28,39.53,39.6,595700
CCBG,16-Jul-2012,7.82,7.88,7.65,7.76,22400
CCCL,16-Jul-2012,23.52,23.52,23.2,23.44,1700
CCIH,16-Jul-2012,5.22,5.45,5.01,5.36,14700
CCMP,16-Jul-2012,28.54,28.82,28.07,28.45,125400
CCNE,16-Jul-2012,16.98,17.05,16.85,16.99,19100
CCOI,16-Jul-2012,19.62,19.79,19.18,19.29,236300
CCRN,16-Jul-2012,4.87,5.12,4.85,4.92,103100
CCUR,16-Jul-2012,4.03,4.18,4.03,4.12,23800
CCXI,16-Jul-2012,14.57,15.4,13.89,14.68,4400
CDNS,16-Jul-2012,10.99,11.31,10.89,11.17,3576500
CDTI,16-Jul-2012,10.4,10.6,10.25,10.45,10900
CDXS,16-Jul-2012,3.9,3.9,3.79,3.87,98800
CDZI,16-Jul-2012,7.71,7.73,7.04,7.15,68000
CECE,16-Jul-2012,8.08,8.2,8.08,8.15,46300
CECO,16-Jul-2012,5.52,5.63,5.5,5.53,565000
CELG,16-Jul-2012,32.58,33.2,32.505,33.075,3456400
CELGZ,16-Jul-2012,1.95,1.95,1.95,1.95,500
CEMI,16-Jul-2012,4.45,4.85,4.45,4.8,51600
CEMP,16-Jul-2012,8.55,8.7,8.26,8.64,3800
CENT,16-Jul-2012,10.22,10.26,10.09,10.21,29200
CENTA,16-Jul-2012,10.69,10.72,10.48,10.65,159700
CENX,16-Jul-2012,6.5,6.5,6.35,6.4,755700
CERN,16-Jul-2012,40.22,40.225,38.605,38.795,1583800
CERS,16-Jul-2012,3.54,3.62,3.53,3.55,336900
CETV,16-Jul-2012,5.15,5.35,4.97,4.98,113200
CEVA,16-Jul-2012,15.36,15.42,14.98,15.05,142100
CFBK,16-Jul-2012,1.74,1.74,1.74,1.74,2500
CFFI,16-Jul-2012,40.7,41,39.73,40.65,7100
CFFN,16-Jul-2012,11.95,11.98,11.88,11.94,262800
CFNB,16-Jul-2012,16.17,16.4,16.15,16.27,1200
CFNL,16-Jul-2012,12.96,13,12.61,12.63,53700
CG,16-Jul-2012,23.16,23.25,23.01,23.11,87600
CGEN,16-Jul-2012,3.53,3.72,3.52,3.59,44600
CGNX,16-Jul-2012,15.215,15.245,15.005,15.13,76200
CGO,16-Jul-2012,13.07,13.26,13.04,13.21,44800
CHCI,16-Jul-2012,1.37,1.39,1.32,1.39,3500
CHCO,16-Jul-2012,34.79,34.93,34.48,34.53,21300
CHDN,16-Jul-2012,60.05,60.05,58.65,58.71,16900
CHEF,16-Jul-2012,17.88,17.88,17.66,17.83,36400
CHFC,16-Jul-2012,22.37,22.37,22.16,22.23,42900
CHFN,16-Jul-2012,9.55,9.55,9.4,9.46,1400
CHI,16-Jul-2012,12.42,12.42,12.28,12.33,160200
CHKE,16-Jul-2012,14.08,14.22,13.94,14.03,11300
CHKP,16-Jul-2012,45.68,46.35,45.11,45.3,3668900
CHNR,16-Jul-2012,4.15,4.15,4.15,4.15,500
CHRW,16-Jul-2012,60.17,60.28,58.85,58.92,1058900
CHSCP,16-Jul-2012,30.59,30.89,30.5,30.65,6200
CHTR,16-Jul-2012,72.74,72.99,72.22,72.53,154200
CHW,16-Jul-2012,8.47,8.54,8.23,8.24,618200
CHY,16-Jul-2012,12.66,12.68,12.52,12.57,122800
CIDM,16-Jul-2012,14.5,14.5,14,14.5,20300
CINF,16-Jul-2012,37.99,37.99,37.32,37.7,1149300
CISG,16-Jul-2012,6.51,6.54,6.45,6.53,15000
CIZN,16-Jul-2012,19.25,19.55,19.25,19.55,800
CJJD,16-Jul-2012,1.2,1.2,1.16,1.17,18300
CKEC,16-Jul-2012,15,15.16,14.84,14.96,158800
CLBH,16-Jul-2012,5.6,5.6,5.6,5.6,0
CLCT,16-Jul-2012,14.71,14.83,14.65,14.72,7000
CLDX,16-Jul-2012,5.25,5.52,5.25,5.41,1037200
CLFD,16-Jul-2012,4.9,5.12,4.87,4.99,6100
CLIR,16-Jul-2012,5.71,5.72,5.71,5.72,1300
CLMS,16-Jul-2012,11.42,11.42,11.11,11.26,70600
CLMT,16-Jul-2012,25.37,25.37,25.05,25.31,223600
CLNE,16-Jul-2012,14.33,14.67,14.17,14.36,1022300
CLNT,16-Jul-2012,2.35,2.4,2.25,2.27,28700
CLRO,16-Jul-2012,4.17,4.17,3.95,3.95,20400
CLSN,16-Jul-2012,3.67,3.78,3.51,3.71,348900
CLUB,16-Jul-2012,13.13,13.13,12.79,12.83,87800
CLVS,16-Jul-2012,21.6,21.61,21.3,21.41,7400
CLWT,16-Jul-2012,3.82,3.82,3.82,3.82,100
CMCO,16-Jul-2012,14.06,14.22,13.97,13.99,105600
CMCSA,16-Jul-2012,31.69,31.86,31.54,31.83,10001000
CME,16-Jul-2012,52.28,52.706,52.27,52.482,307300
CMLS,16-Jul-2012,23.04,23.36,22.64,22.8,50900
CMTL,16-Jul-2012,28.63,28.63,28.12,28.34,56200
CNBKA,16-Jul-2012,31.5,32.15,31,31.36,7300
CNET,16-Jul-2012,0.68,0.68,0.62,0.62,2900
CNIT,16-Jul-2012,0.98,1.03,0.98,1,35900
CNMD,16-Jul-2012,28.48,28.48,28.09,28.26,47700
CNOB,16-Jul-2012,11.43,11.55,11.3,11.42,4100
CNSL,16-Jul-2012,17.09,17.15,16.34,16.39,469800
CNTF,16-Jul-2012,5.65,5.7,5.45,5.7,96800
CNTY,16-Jul-2012,2.8,2.8,2.75,2.77,7100
COBZ,16-Jul-2012,6.73,6.94,6.66,6.89,150900
COHR,16-Jul-2012,43.59,43.86,43.47,43.57,100900
COHU,16-Jul-2012,9.68,9.73,9.3,9.47,67700
COKE,16-Jul-2012,66.53,66.6,65.54,65.75,10300
COLB,16-Jul-2012,19.24,19.3,18.95,18.98,113900
COLM,16-Jul-2012,26.545,26.545,25.915,26.1,187800
CONN,16-Jul-2012,16.1,16.24,15.77,16.06,524600
COOL,16-Jul-2012,75.18,75.6,73.92,75.18,97800
CORE,16-Jul-2012,12.3275,12.3275,12.2275,12.2625,22000
CORT,16-Jul-2012,4.21,4.21,4.14,4.18,110800
COST,16-Jul-2012,94.54,95.36,94.1,95.15,1313800
COWN,16-Jul-2012,2.76,2.79,2.74,2.76,114000
CPAH,16-Jul-2012,31,31,29.5,30.5,11700
CPHC,16-Jul-2012,11.3,11.3,11.3,11.3,500
CPHD,16-Jul-2012,41.89,42.39,41.63,41.94,289700
CPIX,16-Jul-2012,6.45,6.5,6.2,6.24,52300
CPLA,16-Jul-2012,29.26,29.84,29.24,29.69,217000
CPLP,16-Jul-2012,7.75,7.89,7.67,7.81,121800
CPRT,16-Jul-2012,24.21,24.21,23.76,23.94,495800
CPRX,16-Jul-2012,0.83,0.88,0.8,0.86,449500
CPSI,16-Jul-2012,53.05,53.05,51.75,51.9,62100
CPSS,16-Jul-2012,1.94,1.94,1.94,1.94,900
CPST,16-Jul-2012,22.4,22.6,21,21.8,3570600
CRAI,16-Jul-2012,15.13,15.5,14.83,15.01,29200
CRAY,16-Jul-2012,12.39,12.48,12.24,12.29,85200
CRDS,16-Jul-2012,78.2,79.6,68,71.6,34600
CREE,16-Jul-2012,23.3,23.37,22.81,23.27,1032400
CREG,16-Jul-2012,11.9,12,11.9,11.9,12400
CRESY,16-Jul-2012,8.24,8.25,7.88,8.04,106300
CRIS,16-Jul-2012,5.25,5.32,5.2,5.22,188900
CRME,16-Jul-2012,2.15,2.2,2.1,2.15,692100
CRMT,16-Jul-2012,43.5,44.53,43.19,43.43,34200
CRNT,16-Jul-2012,7.85,7.85,7.7,7.77,25700
CROX,16-Jul-2012,14.67,14.92,14.33,14.51,1335600
CRUS,16-Jul-2012,26.01,26.09,25.4,25.57,1893500
CRVL,16-Jul-2012,24.29,24.485,23.965,24.34,5200
CRWS,16-Jul-2012,5.45,5.49,5.29,5.45,5400
CRZO,16-Jul-2012,23.74,24.27,23.47,23.7,1126400
CSBK,16-Jul-2012,10.18,10.2,9.96,10.04,9600
CSCO,16-Jul-2012,16.21,16.25,16.02,16.19,26437800
CSFL,16-Jul-2012,7.84,7.88,7.78,7.84,30100
CSGP,16-Jul-2012,79.47,80.2,79.17,79.5,81100
CSGS,16-Jul-2012,17.44,17.64,17.37,17.56,153000
CSII,16-Jul-2012,10.56,10.56,10.18,10.22,40600
CSIQ,16-Jul-2012,3.78,4.03,3.71,3.82,1117900
CSOD,16-Jul-2012,23.29,23.44,22.92,23.22,155200
CSPI,16-Jul-2012,4.07,4.07,4.07,4.07,1100
CSQ,16-Jul-2012,9.75,9.88,9.6,9.66,579500
CSTE,16-Jul-2012,11.27,11.79,11.06,11.19,28700
CSTR,16-Jul-2012,64.12,64.22,61.5,62.59,1525800
CSWC,16-Jul-2012,27.375,27.4975,26.8525,26.8525,600
CSX,16-Jul-2012,22.57,22.7,22.38,22.59,4913900
CTAS,16-Jul-2012,40.11,40.2,39.33,39.41,876100
CTBI,16-Jul-2012,34.14,34.39,33.88,33.94,42500
CTHR,16-Jul-2012,3.58,3.76,3.5,3.76,24000
CTIB,16-Jul-2012,4.83,5.04,4.83,5.04,1800
CTIC,16-Jul-2012,3.35,3.35,3.1,3.15,1560500
CTRN,16-Jul-2012,15.71,15.82,15.44,15.5,51700
CTRP,16-Jul-2012,7.505,7.51,7.295,7.355,3536700
CTSH,16-Jul-2012,28.64,29.175,28.455,29.13,3137100
CTWS,16-Jul-2012,31.05,31.97,30.88,30.98,39900
CTXS,16-Jul-2012,75.99,77.75,75.78,76.37,1456800
CUBA,16-Jul-2012,6.98,6.98,6.95,6.96,3500
CUI,16-Jul-2012,6.25,6.35,6.25,6.31,11400
CUTR,16-Jul-2012,7.31,7.45,7.23,7.36,7200
CVBF,16-Jul-2012,11.76,11.79,11.64,11.68,329500
CVCO,16-Jul-2012,49.15,49.26,48.05,48.65,6600
CVCY,16-Jul-2012,7,7,6.97,6.97,3300
CVGI,16-Jul-2012,8.11,8.27,7.95,8.1,96700
CVGW,16-Jul-2012,27.26,27.97,27.24,27.78,46900
CVLT,16-Jul-2012,40.62,40.85,39.95,40.56,430700
CVLY,16-Jul-2012,14.05,14.55,13.68,14.49,2400
CVTI,16-Jul-2012,4.25,4.39,4.23,4.38,45400
CVV,16-Jul-2012,12.24,12.58,12.2,12.37,73900
CWBC,16-Jul-2012,2.21,2.3,2.21,2.3,1200
CWCO,16-Jul-2012,8.67,8.67,8.51,8.6,15600
CWST,16-Jul-2012,5.47,5.47,5.3,5.41,20400
CXDC,16-Jul-2012,4.55,4.7,4.55,4.66,6900
CY,16-Jul-2012,11.91,11.97,11.68,11.88,2821900
CYAN,16-Jul-2012,6.54,6.54,6.39,6.45,28700
CYBE,16-Jul-2012,8.22,8.22,8.08,8.08,1200
CYCC,16-Jul-2012,41.16,45.36,41.16,45.36,61400
CYCCP,16-Jul-2012,2.5,2.5,2.5,2.5,400
CYNO,16-Jul-2012,21.71,21.76,21.35,21.4,25300
CYOU,16-Jul-2012,19.6,19.79,19.05,19.11,121900
CYTK,16-Jul-2012,4.02,4.02,3.9,4.02,320900
CYTR,16-Jul-2012,4.76,5,4.76,4.9,77700
CYTX,16-Jul-2012,44.25,45.15,43.5,43.65,142900
CYTXW,16-Jul-2012,1.15,1.15,1.15,1.15,0
CZFC,16-Jul-2012,8.78,9,8.78,8.79,1100
CZNC,16-Jul-2012,20.3,20.55,20,20.29,29800
CZR,16-Jul-2012,8.92,9.2,8.92,9,75100
CZWI,16-Jul-2012,5.59,5.65,5.59,5.64,4000
DAIO,16-Jul-2012,2.82,2.82,2.8,2.8,2100
DAKT,16-Jul-2012,7.89,7.9,7.72,7.88,108300
DAVE,16-Jul-2012,10.37,10.46,10.33,10.35,5300
DCIX,16-Jul-2012,59.2,59.84,59.04,59.04,84000
DCOM,16-Jul-2012,14.65,14.71,14.51,14.53,76400
DCTH,16-Jul-2012,31.2,31.36,28.32,30.08,1616100
DENN,16-Jul-2012,4.53,4.56,4.47,4.49,139500
DEPO,16-Jul-2012,5.49,5.51,5.25,5.41,214200
DEST,16-Jul-2012,17.89,18.17,17.36,18.09,117400
DGAS,16-Jul-2012,24.03,24.03,23.08,23.3,33500
DGICA,16-Jul-2012,14.05,14.14,13.79,13.88,3000
DGICB,16-Jul-2012,16.15,16.15,16.15,16.15,0
DGII,16-Jul-2012,10.18,10.46,10.06,10.22,96000
DGLY,16-Jul-2012,0.39,0.4,0.35,0.37,11400
DHIL,16-Jul-2012,77.15,78.35,75.14,77.66,3600
DHRM,16-Jul-2012,1.74,1.89,1.63,1.75,6000
DIOD,16-Jul-2012,17.46,17.56,17.25,17.37,134300
DISCA,16-Jul-2012,50.13,50.36,49.33,49.39,1561900
DISCK,16-Jul-2012,23.11,23.17,22.605,22.635,740100
DISH,16-Jul-2012,27.34,27.89,27.15,27.62,1548800
DJCO,16-Jul-2012,93.74,93.74,93.2,93.2,1000
DLBL,16-Jul-2012,72.04,72.04,72.04,72.04,0
DLBS,16-Jul-2012,25.84,26.05,25.69,26.05,8500
DLHC,16-Jul-2012,1.33,1.33,1.29,1.31,5500
DLTR,16-Jul-2012,52.43,53.22,52.17,52.51,1294700
DMLP,16-Jul-2012,22.1,22.59,21.87,22.31,36000
DMRC,16-Jul-2012,27.7,27.9,27.67,27.83,8400
DNBF,16-Jul-2012,13.48,13.48,13.48,13.48,0
DNKN,16-Jul-2012,34.8,36.11,34.75,35.39,1603000
DORM,16-Jul-2012,24.81,24.92,24.52,24.68,220600
DRAD,16-Jul-2012,2.01,2.09,2.01,2.09,1400
DRAM,16-Jul-2012,11.88,11.88,10.44,11.88,1000
DRRX,16-Jul-2012,1.12,1.22,1.11,1.2,624500
DRWI,16-Jul-2012,73.75,73.75,67.5,68.25,360000
DRYS,16-Jul-2012,3285,3300,3225,3240,1071900
DSCI,16-Jul-2012,10,10.17,10,10.05,21400
DSGX,16-Jul-2012,8.76,8.76,8.67,8.69,800
DSPG,16-Jul-2012,6.16,6.4,6.08,6.1,33600
DSWL,16-Jul-2012,2.69,2.74,2.69,2.73,1600
DTLK,16-Jul-2012,8.99,9.06,8.93,9.03,96000
DTSI,16-Jul-2012,24.71,24.88,24.29,24.42,125900
DTUS,16-Jul-2012,40.08,40.08,40.08,40.08,100
DTYS,16-Jul-2012,25.79,25.9,25.66,25.88,136900
DVAX,16-Jul-2012,41.5,42.3,40,41.9,1102600
DWCH,16-Jul-2012,12.84,12.85,12.65,12.8,4500
DWSN,16-Jul-2012,24.23,24.81,23.74,24.55,40500
DXCM,16-Jul-2012,12.9,13,12.73,12.94,390700
DXPE,16-Jul-2012,42.3,42.4,40.32,40.6,46400
DXYN,16-Jul-2012,3.64,3.65,3.64,3.65,600
DYNT,16-Jul-2012,2.4,2.45,2.4,2.4,3200
DYSL,16-Jul-2012,1.1,1.1,1.08,1.08,8100
EA,16-Jul-2012,11.67,11.69,11.49,11.53,3752300
EAC,16-Jul-2012,6.93,7.04,6.77,6.77,1000
EAGL,16-Jul-2012,9.79,9.79,9.79,9.79,0
EAGLU,16-Jul-2012,9.95,9.95,9.95,9.95,0
EAGLW,16-Jul-2012,0.27,0.27,0.25,0.27,41100
EBAY,16-Jul-2012,16.7242,16.7284,16.2105,16.2526,13380700
EBIX,16-Jul-2012,20.35,20.9,20.22,20.65,329600
EBMT,16-Jul-2012,10.27,10.27,10.27,10.27,0
EBSB,16-Jul-2012,6.2908,6.4175,6.152,6.3154,7800
EBTC,16-Jul-2012,16.72,16.74,16.05,16.69,14600
ECHO,16-Jul-2012,19.7,19.97,19.28,19.43,205900
ECOL,16-Jul-2012,17.78,17.99,17.61,17.73,26200
ECPG,16-Jul-2012,29.6,29.6,29.28,29.38,70100
ECYT,16-Jul-2012,7.99,8.11,7.85,8.07,214600
EDAP,16-Jul-2012,2,2,1.84,1.87,22000
EDGW,16-Jul-2012,3.86,3.93,3.8,3.8,5200
EDUC,16-Jul-2012,4.05,4.05,3.92,3.98,1500
EEFT,16-Jul-2012,17.35,17.49,17.15,17.17,159800
EEI,16-Jul-2012,12.46,13.99,12.15,12.5,2600
EEMA,16-Jul-2012,49.05,49.28,49.04,49.21,1100
EFII,16-Jul-2012,15.18,15.23,14.77,14.82,118500
EFSC,16-Jul-2012,11.62,11.74,11.35,11.7,23200
EFUT,16-Jul-2012,4.23,4.25,4.23,4.23,700
EGAN,16-Jul-2012,4.86,4.89,4.86,4.89,300
EGBN,16-Jul-2012,16.97,17.11,16.66,16.96,12000
EGHT,16-Jul-2012,4.36,4.49,4.36,4.41,556100
EGLE,16-Jul-2012,1040.4,1080,1008,1040.4,103000
EGOV,16-Jul-2012,13.34,13.46,13.25,13.35,145100
EHTH,16-Jul-2012,17.56,17.9,17.47,17.67,64600
ELGX,16-Jul-2012,14.55,14.55,14.32,14.42,207900
ELNK,16-Jul-2012,7.22,7.24,7.15,7.17,385900
ELON,16-Jul-2012,35.2,35.2,34.4,34.7,50900
ELOS,16-Jul-2012,10.47,10.71,10.47,10.65,22700
ELSE,16-Jul-2012,4.11,4.15,4.11,4.15,1000
ELTK,16-Jul-2012,1.26,1.3,1.19,1.3,17900
EMCB,16-Jul-2012,77.29,77.29,76.79,76.82,8300
EMCF,16-Jul-2012,18.6,18.6,18.6,18.6,300
EMCI,16-Jul-2012,13.4133,13.7,13.3,13.4467,6600
EMIF,16-Jul-2012,32.06,32.22,32,32.2,11400
EMITF,16-Jul-2012,168,168,168,168,1000
EMKR,16-Jul-2012,4.69,4.99,4.69,4.8,117600
EML,16-Jul-2012,19.24,19.88,19.24,19.6,1700
EMMS,16-Jul-2012,7.68,7.72,7.12,7.24,441800
ENDP,16-Jul-2012,30.18,30.42,30.08,30.33,923000
ENG,16-Jul-2012,1.58,1.65,1.57,1.57,1600
ENOC,16-Jul-2012,6.9,7.04,6.78,6.89,229200
ENPH,16-Jul-2012,6.28,6.37,5.66,5.67,52800
ENSG,16-Jul-2012,13.845,13.985,13.675,13.93,48200
ENTG,16-Jul-2012,8.07,8.14,7.96,8.06,958700
EPAY,16-Jul-2012,19.04,19.68,18.73,19.15,239900
EQIX,16-Jul-2012,169.55,171.39,168.89,170.22,406500
ERIC,16-Jul-2012,8.41,8.43,8.34,8.38,4890200
ERIE,16-Jul-2012,71.53,72.37,71.32,71.83,26600
ERII,16-Jul-2012,2.49,2.51,2.43,2.46,41400
ESBK,16-Jul-2012,19.4,19.4,19.4,19.4,0
ESCA,16-Jul-2012,5.88,5.95,5.86,5.9,21600
ESEA,16-Jul-2012,1.12,1.33,1.11,1.23,149900
ESGR,16-Jul-2012,99.82,100.03,97.5,97.5,8000
ESIO,16-Jul-2012,11.33,11.42,11.07,11.19,87600
ESLT,16-Jul-2012,34.51,34.51,33.85,33.85,2900
ESMC,16-Jul-2012,0.79,0.79,0.79,0.79,0
ESRX,16-Jul-2012,57.05,57.77,57.01,57.75,4869800
ESSA,16-Jul-2012,11.31,11.32,10.75,10.75,12000
ETFC,16-Jul-2012,7.82,8.07,7.82,8.04,5368500
ETRM,16-Jul-2012,63.9,65.4,59.25,63.15,489300
EUFN,16-Jul-2012,14.76,14.89,14.76,14.89,3000
EVBS,16-Jul-2012,4.4,4.4,4.06,4.2,3800
EVEP,16-Jul-2012,53.61,54.92,53.19,54.66,153200
EVK,16-Jul-2012,1.59,1.59,1.51,1.58,300
EVOL,16-Jul-2012,5.57,5.74,5.5,5.74,11800
EWBC,16-Jul-2012,23.77,24.03,23.55,23.75,679800
EXA,16-Jul-2012,10.03,10.3,10,10.26,20400
EXAC,16-Jul-2012,16.95,16.95,16.76,16.85,11200
EXAS,16-Jul-2012,11.41,11.54,11.3,11.45,249400
EXEL,16-Jul-2012,5.93,6.07,5.9,6.01,1252200
EXFO,16-Jul-2012,4.58,4.65,4.56,4.58,15900
EXLS,16-Jul-2012,23.14,23.96,22.9,23.85,298600
EXPD,16-Jul-2012,37.58,37.62,36.6,37.18,1331400
EXPE,16-Jul-2012,45.37,45.8,44.51,45.22,2686400
EXPO,16-Jul-2012,26.845,26.845,26.425,26.49,24500
EXTR,16-Jul-2012,3.22,3.4,3.2,3.3,724200
EZPW,16-Jul-2012,24.13,24.47,23.94,24.35,314200
FALC,16-Jul-2012,2.46,2.46,2.24,2.26,118800
FARM,16-Jul-2012,7.3,7.44,7.19,7.41,10100
FARO,16-Jul-2012,40.13,40.5,39.8,40.26,62000
FAST,16-Jul-2012,43.24,43.67,42.48,42.99,2635400
FB,16-Jul-2012,30.5,30.5,28.21,28.25,24672000
FBIZ,16-Jul-2012,22.99,23,22.97,22.97,1700
FBMS,16-Jul-2012,9.36,9.36,9.25,9.25,1700
FBNC,16-Jul-2012,8.76,8.85,8.74,8.78,10600
FBNK,16-Jul-2012,13.38,13.38,13.25,13.27,16600
FBRC,16-Jul-2012,12,12,11.6,11.68,85700
FBSS,16-Jul-2012,13.1,13.1,13.1,13.1,300
FCAP,16-Jul-2012,19.1,19.75,19.1,19.75,400
FCBC,16-Jul-2012,15.15,15.29,14.93,14.98,8200
FCCO,16-Jul-2012,8.03,8.05,8.03,8.04,2100
FCCY,16-Jul-2012,9.13,9.35,9.02,9.35,600
FCEL,16-Jul-2012,12.6,12.72,12.48,12.6,326700
FCNCA,16-Jul-2012,169.69,172.67,166,166.51,7000
FDEF,16-Jul-2012,17.59,17.9,17.27,17.59,25500
FDML,16-Jul-2012,10.19,10.35,10.1,10.18,59800
FDUS,16-Jul-2012,15.2,15.4,15.03,15.1,43700
FEIM,16-Jul-2012,8.13,8.22,7.86,8.15,20600
FELE,16-Jul-2012,27.25,27.38,26.905,27.07,79200
FES,16-Jul-2012,4.53,4.57,4.45,4.53,23700
FFBC,16-Jul-2012,16.76,16.81,16.61,16.71,240900
FFBCW,16-Jul-2012,5.72,5.72,5.72,5.72,0
FFHL,16-Jul-2012,1.16,1.17,1.13,1.17,2600
FFIC,16-Jul-2012,13.76,13.98,13.61,13.78,44900
FFIN,16-Jul-2012,18.24,18.335,18.105,18.13,60500
FFIV,16-Jul-2012,90.99,93.23,90.51,92.11,2041000
FFKT,16-Jul-2012,6.51,6.72,6.5,6.5,9400
FFNW,16-Jul-2012,8.3,8.3,8.02,8.13,28400
FHCO,16-Jul-2012,6.11,6.11,5.86,5.93,35700
FIBK,16-Jul-2012,14.9,14.96,14.21,14.45,35100
FINL,16-Jul-2012,20.73,20.79,20.47,20.61,336900
FISI,16-Jul-2012,17.34,17.99,17.16,17.88,45900
FISV,16-Jul-2012,35.46,35.635,35.25,35.535,397300
FITB,16-Jul-2012,13.63,13.72,13.52,13.65,5793500
FIZZ,16-Jul-2012,14.97,14.97,14.69,14.86,14900
FLAT,16-Jul-2012,63.47,63.5,63.34,63.34,1000
FLDM,16-Jul-2012,13.58,13.75,13.41,13.47,41900
FLEX,16-Jul-2012,6.04,6.06,5.91,5.96,2143500
FLIC,16-Jul-2012,19.4333,19.7467,19.2933,19.3667,3600
FLIR,16-Jul-2012,18.75,18.81,18.19,18.33,2053800
FLML,16-Jul-2012,5.26,5.38,5.22,5.31,16900
FLWS,16-Jul-2012,3.76,3.79,3.69,3.74,68100
FLXS,16-Jul-2012,20.96,21.5,20.67,21.5,39800
FMBI,16-Jul-2012,10.9,11.06,10.8,10.98,416100
FMNB,16-Jul-2012,6.38,6.44,6.3,6.42,11700
FNGN,16-Jul-2012,20.92,20.96,20.55,20.77,95200
FNLC,16-Jul-2012,16.8,17,16.68,16.68,1900
FNSR,16-Jul-2012,12.25,12.44,11.88,12.02,2029700
FOLD,16-Jul-2012,6.07,6.24,5.87,6.15,101300
FONE,16-Jul-2012,21.21,21.21,21.12,21.2,1300
FONR,16-Jul-2012,3.63,3.99,3.55,3.9,87700
FORD,16-Jul-2012,1.47,1.5,1.38,1.44,41700
FORM,16-Jul-2012,6.2,6.2,5.97,6.08,279000
FORR,16-Jul-2012,33.74,33.79,33.38,33.58,32700
FORTY,16-Jul-2012,14.4,14.44,13.83,14.44,7300
FOSL,16-Jul-2012,67.1,68.33,66.07,66.33,1048000
FRAN,16-Jul-2012,29.02,30.05,28.68,29.29,498000
FRBK,16-Jul-2012,2.12,2.17,2.12,2.16,58300
FRED,16-Jul-2012,14.68,14.73,14.46,14.59,313500
FRGI,16-Jul-2012,15.53,15.68,15.1,15.12,84800
FRME,16-Jul-2012,12.91,13.1,12.8,13.05,83200
FRP,16-Jul-2012,5.65,5.77,5.65,5.72,20900
FSBK,16-Jul-2012,4.15,4.15,4.05,4.05,1300
FSBW,16-Jul-2012,10.02,10.09,10.01,10.07,54600
FSC,16-Jul-2012,10.15,10.2,10.14,10.16,452400
FSFG,16-Jul-2012,17.9,17.9,17.9,17.9,300
FSLR,16-Jul-2012,14.23,15.51,13.98,14.98,5967800
FSTR,16-Jul-2012,29.91,29.91,29.31,29.34,11600
FTEK,16-Jul-2012,4.61,4.62,4.51,4.57,60600
FTNT,16-Jul-2012,21.5,21.63,21.17,21.28,1188800
FTR,16-Jul-2012,3.9,3.94,3.82,3.92,7033700
FULL,16-Jul-2012,7.91,7.92,7.8,7.89,40700
FULT,16-Jul-2012,10.02,10.04,9.89,10,667300
FUNC,16-Jul-2012,4.66,4.86,4.66,4.75,1400
FUND,16-Jul-2012,6.32,6.35,6.29,6.34,20900
FWRD,16-Jul-2012,32.76,32.9,32.32,32.48,65100
GABC,16-Jul-2012,21,21.27,20.24,20.96,12300
GAIA,16-Jul-2012,3.92,3.99,3.76,3.78,4300
GAIN,16-Jul-2012,7.66,7.72,7.63,7.67,31600
GALE,16-Jul-2012,33.6,35.4,32.2,34,2157800
GALT,16-Jul-2012,1.71,1.8,1.71,1.77,28800
GALTU,16-Jul-2012,3.74,3.74,3.74,3.74,0
GALTW,16-Jul-2012,0.4,0.4,0.4,0.4,5000
GASS,16-Jul-2012,5.86,5.95,5.86,5.87,38300
GBCI,16-Jul-2012,15.5,15.72,15.5,15.65,262500
GBDC,16-Jul-2012,15.24,15.35,15.14,15.2,39200
GBLI,16-Jul-2012,20.47,20.5,20.19,20.23,13600
GBNK,16-Jul-2012,10.55,10.6,10.15,10.15,84700
GCBC,16-Jul-2012,9.375,9.375,9.375,9.375,0
GCVRZ,16-Jul-2012,1.42,1.42,1.4,1.41,44900
GENC,16-Jul-2012,5.0467,5.1533,4.9533,5.04,29400
GENE,16-Jul-2012,16.3,16.65,16.05,16.4,45600
GERN,16-Jul-2012,1.57,1.59,1.56,1.57,278900
GEVO,16-Jul-2012,65.85,67.35,64.5,65.85,209400
GFED,16-Jul-2012,8.29,8.67,8.25,8.25,8600
GFN,16-Jul-2012,3.3,3.3,3.3,3.3,500
GGAL,16-Jul-2012,4.51,4.51,4.36,4.43,99000
GHDX,16-Jul-2012,34.2,34.76,33.66,34.21,73400
GIFI,16-Jul-2012,30.94,30.94,30.32,30.47,25300
GIGA,16-Jul-2012,1.18,1.18,1.18,1.18,2700
GIGM,16-Jul-2012,5.4,5.55,5.4,5.5,16500
GIII,16-Jul-2012,12.755,12.83,12.37,12.765,82300
GILD,16-Jul-2012,25.595,25.97,25.445,25.97,3624400
GILT,16-Jul-2012,3.02,3.03,2.96,3,46700
GLAD,16-Jul-2012,8.47,8.52,8.42,8.49,56500
GLBS,16-Jul-2012,11.48,11.8,11.4,11.44,4400
GLBZ,16-Jul-2012,10.49,10.49,10.4,10.4,400
GLDD,16-Jul-2012,7.25,7.3,7.19,7.26,193200
GLNG,16-Jul-2012,39.13,39.17,38.41,38.67,212700
GLRE,16-Jul-2012,24.4,24.6,24.28,24.47,145500
GLUU,16-Jul-2012,5.48,5.57,5.35,5.5,1059900
GMAN,16-Jul-2012,18.3,18.51,18.3,18.4,26900
GMLP,16-Jul-2012,31.82,32.25,31.21,32.2,242000
GNCMA,16-Jul-2012,10,10.11,9.9,9.91,68100
GNMA,16-Jul-2012,50.72,50.72,50.72,50.72,200
GNMK,16-Jul-2012,5.95,6.05,5.85,5.98,130000
GNTX,16-Jul-2012,10.69,10.735,10.525,10.64,482800
GNVC,16-Jul-2012,2.25,2.29,2.25,2.28,6400
GOLD,16-Jul-2012,91,91.12,89.88,90.31,424100
GOOD,16-Jul-2012,17.18,17.25,17.07,17.1,25600
GOODO,16-Jul-2012,25.35,25.35,25.35,25.35,200
GOODP,16-Jul-2012,25.26,25.45,25.22,25.45,3700
GOOG,16-Jul-2012,288.185,289.595,285.89,287.46,1462800
GPIC,16-Jul-2012,6.14,6.15,6.14,6.15,300
GPOR,16-Jul-2012,19.41,20.74,19.29,20.25,883800
GPRE,16-Jul-2012,4.84,4.84,4.47,4.58,387200
GPRO,16-Jul-2012,82.55,82.6,82.53,82.57,619700
GRFS,16-Jul-2012,10.06,10.13,9.92,10.03,551500
GRID,16-Jul-2012,26.34,26.34,26.34,26.34,100
GRIF,16-Jul-2012,28.78,29,28.6,28.6,500
GRMN,16-Jul-2012,36.2,36.35,35.73,36.21,735500
GROW,16-Jul-2012,4.17,4.2,4.1,4.11,11000
GRPN,16-Jul-2012,7.91,8.16,7.61,7.67,7761600
GRVY,16-Jul-2012,13.68,13.92,13.6,13.68,37300
GSBC,16-Jul-2012,28.76,29.27,28.65,28.95,16000
GSIT,16-Jul-2012,5.26,5.29,5.16,5.27,40200
GSM,16-Jul-2012,13.35,13.35,12.94,13,365000
GSOL,16-Jul-2012,7.26,7.26,7.08,7.1,11100
GSVC,16-Jul-2012,9.38,9.48,8.89,8.91,394200
GT,16-Jul-2012,10.26,10.37,10,10.11,5493100
GTIM,16-Jul-2012,2.03,2.03,2.03,2.03,100
GTLS,16-Jul-2012,63.71,64.21,62.82,63.07,185800
GTXI,16-Jul-2012,3.65,3.78,3.52,3.64,95900
GUID,16-Jul-2012,9.43,9.46,9.29,9.34,28500
GULF,16-Jul-2012,13.64,13.82,13.64,13.76,3800
GURE,16-Jul-2012,1.15,1.2,1.1,1.12,260800
GYRO,16-Jul-2012,114.25,114.88,114.25,114.88,6900
HA,16-Jul-2012,6.8,6.91,6.73,6.74,826600
HAFC,16-Jul-2012,10.69,10.78,10.63,10.78,119800
HAIN,16-Jul-2012,28.37,28.38,28.13,28.36,363700
HALL,16-Jul-2012,8.02,8.03,7.95,7.99,14200
HALO,16-Jul-2012,8.69,8.81,8.42,8.71,459100
HAS,16-Jul-2012,32.83,32.94,32.29,32.35,1347100
HAYN,16-Jul-2012,52.6,53.21,52.23,52.51,57200
HBAN,16-Jul-2012,6.45,6.55,6.44,6.52,7208200
HBANP,16-Jul-2012,1165,1169.88,1160.55,1160.55,100
HBCP,16-Jul-2012,17.39,17.39,17.27,17.31,6700
HBHC,16-Jul-2012,30.93,31.02,30.66,30.81,403100
HBIO,16-Jul-2012,3.8,3.8,3.74,3.74,78200
HBNC,16-Jul-2012,11.4222,11.4222,11.0622,11.1645,4600
HCCI,16-Jul-2012,18.37,18.37,18.07,18.11,60400
HCKT,16-Jul-2012,5.64,5.64,5.15,5.22,103300
HCOM,16-Jul-2012,19.16,19.4,19.02,19.3,41300
HCSG,16-Jul-2012,21.67,22.15,21.53,21.87,525200
HDNG,16-Jul-2012,9.21,9.25,9.11,9.13,13200
HDSN,16-Jul-2012,3.96,3.96,3.78,3.84,46200
HEES,16-Jul-2012,15.29,15.33,14.84,14.98,181700
HELE,16-Jul-2012,31,31.28,30.51,31.16,82600
HEOP,16-Jul-2012,5.86,5.95,5.82,5.95,39800
HFBC,16-Jul-2012,7.47,7.59,7.4,7.59,1800
HFBL,16-Jul-2012,15.6,15.6,15.6,15.6,0
HFWA,16-Jul-2012,15.35,15.4,15.22,15.37,6000
HGSH,16-Jul-2012,0.43,0.45,0.43,0.45,1700
HIBB,16-Jul-2012,59,59.54,58.06,59.26,211100
HIFS,16-Jul-2012,60.74,60.74,59.77,60.49,600
HIHO,16-Jul-2012,1.74,1.75,1.74,1.75,1000
HIMX,16-Jul-2012,1.62,1.63,1.56,1.57,139400
HLIT,16-Jul-2012,4.01,4.06,3.89,3.93,357100
HMNF,16-Jul-2012,2.9,2.98,2.9,2.9,3400
HMNY,16-Jul-2012,3.26,3.64,3.26,3.64,1600
HMST,16-Jul-2012,18.715,18.945,18.48,18.82,41900
HMSY,16-Jul-2012,33,33,31.62,31.82,1001200
HNH,16-Jul-2012,13.13,13.4,13.08,13.09,9800
HNRG,16-Jul-2012,7.95,7.95,7.75,7.75,2000
HOFT,16-Jul-2012,11.76,11.78,11.71,11.75,43300
HOLI,16-Jul-2012,8.36,8.41,8.27,8.33,268600
HOLX,16-Jul-2012,19.17,19.2,18.92,18.97,1581500
HOMB,16-Jul-2012,7.77,7.8175,7.73,7.765,41300
HOTR,16-Jul-2012,3.75,3.75,3.75,3.75,0
HOVNP,16-Jul-2012,7.75,8,7.75,7.75,37000
HPJ,16-Jul-2012,1,1.01,1,1.01,15900
HRZN,16-Jul-2012,16.78,17,16.65,16.74,34900
HSIC,16-Jul-2012,77.75,77.75,76.66,77.45,323000
HSII,16-Jul-2012,16.28,16.49,15.95,16.43,47000
HSKA,16-Jul-2012,10.16,10.5,9.77,10.5,10000
HSNI,16-Jul-2012,42.59,42.9,42.1,42.84,316300
HSON,16-Jul-2012,4.29,4.44,4.2,4.29,25400
HSTM,16-Jul-2012,26,26.22,25.78,25.83,60500
HTBI,16-Jul-2012,12,12,11.83,11.93,99000
HTBK,16-Jul-2012,6.46,6.82,6.46,6.76,34100
HTHT,16-Jul-2012,11.36,11.58,11.21,11.36,112800
HTLD,16-Jul-2012,13.88,13.94,13.51,13.76,898000
HTLF,16-Jul-2012,24.36,24.49,24.21,24.28,16600
HUBG,16-Jul-2012,34.68,34.8,34.23,34.43,170300
HURC,16-Jul-2012,21.53,21.63,21.38,21.52,6100
HURN,16-Jul-2012,32.55,32.91,32.29,32.63,90200
HWAY,16-Jul-2012,9.17,9.26,9.15,9.18,92100
HWBK,16-Jul-2012,9.2,9.2,8.85,8.9,8800
HWCC,16-Jul-2012,11.99,11.99,11.53,11.53,29100
HWKN,16-Jul-2012,40.98,41.4,40.48,41.11,21700
HYGS,16-Jul-2012,6.1,6.1,6.1,6.1,400
HZNP,16-Jul-2012,7.25,7.5,7.15,7.33,623600
IART,16-Jul-2012,38.57,38.59,38.07,38.17,43000
IBB,16-Jul-2012,132.24,133,131.33,132.63,534300
IBCP,16-Jul-2012,3.01,3.13,3.01,3.1,16100
IBKC,16-Jul-2012,51.02,51.07,50.65,50.68,46400
IBKR,16-Jul-2012,14.48,14.53,14.34,14.48,315200
IBOC,16-Jul-2012,19.63,19.63,19.38,19.43,128400
ICAD,16-Jul-2012,0.45,0.47,0.44,0.44,16200
ICCC,16-Jul-2012,6,6,6,6,0
ICFI,16-Jul-2012,25.44,25.44,25,25.17,38300
ICLN,16-Jul-2012,6.9,6.91,6.8,6.86,7000
ICLR,16-Jul-2012,23.08,23.6,23,23.41,75900
ICON,16-Jul-2012,16.54,16.62,16.4,16.4,588800
ICUI,16-Jul-2012,52.52,52.79,50.77,51.66,112000
IDCC,16-Jul-2012,27.22,27.37,26.84,27.09,348300
IDRA,16-Jul-2012,1.09,1.13,1,1.01,15300
IDSA,16-Jul-2012,4.74,4.89,4.54,4.72,4300
IDSY,16-Jul-2012,4.41,4.44,4.34,4.35,81800
IDTI,16-Jul-2012,4.93,4.93,4.82,4.88,749700
IDXX,16-Jul-2012,46.035,46.105,45.135,45.35,573400
IEP,16-Jul-2012,41.7,41.92,41.03,41.62,4900
IESC,16-Jul-2012,2.81,3.05,2.81,3.03,1200
IFEU,16-Jul-2012,26.89,27.46,26.89,27.46,300
IFGL,16-Jul-2012,28.79,28.98,28.75,28.95,61700
IFON,16-Jul-2012,1.51,1.7,1.46,1.67,55100
IGLD,16-Jul-2012,2.56,2.56,2.42,2.46,5800
IGOV,16-Jul-2012,98.38,98.55,97.88,98.51,16100
III,16-Jul-2012,1.35,1.38,1.35,1.36,6500
IIIN,16-Jul-2012,10.5,10.5,10.36,10.41,18300
IIJI,16-Jul-2012,11.48,11.48,11.4,11.42,6400
IIN,16-Jul-2012,6,6,6,6,500
IIVI,16-Jul-2012,16.26,16.39,16.03,16.11,157200
IKNX,16-Jul-2012,8.48,8.48,8.48,8.48,0
ILMN,16-Jul-2012,40.45,40.99,40.27,40.85,671900
IMGN,16-Jul-2012,16.03,16.3,15.88,16.29,870500
IMI,16-Jul-2012,7.45,7.5,7.08,7.33,77100
IMKTA,16-Jul-2012,15.93,15.93,15.65,15.77,35500
IMMR,16-Jul-2012,5.71,5.75,5.64,5.65,56400
IMMU,16-Jul-2012,3.56,3.6,3.49,3.49,143500
IMMY,16-Jul-2012,3.4,3.4,3.4,3.4,0
IMOS,16-Jul-2012,9.55,9.98,9.51,9.75,96300
INAP,16-Jul-2012,7.02,7.12,6.98,7.05,111900
INCY,16-Jul-2012,25.5,25.77,25.19,25.48,968800
INDB,16-Jul-2012,30.33,30.56,30.1,30.22,21700
INDY,16-Jul-2012,21.71,21.91,21.71,21.84,97500
INFI,16-Jul-2012,15.45,15.56,15.05,15.28,161900
INFN,16-Jul-2012,6.18,6.29,6.1,6.25,474300
ININ,16-Jul-2012,27.08,27.43,26.58,27.08,29500
INOD,16-Jul-2012,6.5,6.7,6.49,6.55,112800
INSM,16-Jul-2012,3.73,3.76,3.6,3.72,76400
INTC,16-Jul-2012,25.23,25.31,25,25.13,36989200
INTG,16-Jul-2012,23.01,23.01,23.01,23.01,0
INTL,16-Jul-2012,19.5,19.5,19.24,19.28,41900
INTU,16-Jul-2012,57.2,57.53,56.58,57.13,718500
INTX,16-Jul-2012,15.97,16,15.73,15.9,28100
INVE,16-Jul-2012,9.3,9.6,8.7,8.7,100600
INWK,16-Jul-2012,12.42,12.48,12.18,12.4,101600
IOSP,16-Jul-2012,30.16,30.45,29.9,30.06,48000
IPAR,16-Jul-2012,17.28,17.28,16.83,17.01,82900
IPAS,16-Jul-2012,2.32,2.36,2.29,2.31,46800
IPCC,16-Jul-2012,58.36,59,58.36,58.76,15100
IPCI,16-Jul-2012,2.92,3,2.8,2.95,15800
IPGP,16-Jul-2012,41.6,41.86,40.88,41.15,354900
IPHS,16-Jul-2012,57.05,57.05,56.75,56.98,96600
IPXL,16-Jul-2012,19.85,20.85,19.8,20.51,790400
IQNT,16-Jul-2012,13.6,13.74,13.52,13.67,84900
IRBT,16-Jul-2012,21.02,21.03,20.35,20.55,130500
IRDM,16-Jul-2012,9.48,9.5,9.38,9.4,353600
IRG,16-Jul-2012,19.33,19.64,19.3,19.55,99600
IRIX,16-Jul-2012,3.47,3.54,3.36,3.54,1000
IROQ,16-Jul-2012,12.9,12.9,12.75,12.75,4500
IRWD,16-Jul-2012,13.71,13.92,13.66,13.91,191300
ISBC,16-Jul-2012,6.1373,6.1373,5.9804,6.0471,100300
ISCA,16-Jul-2012,26.6,26.6,26.17,26.3,52800
ISHG,16-Jul-2012,93,93.68,93,93.6,23800
ISIG,16-Jul-2012,1.82,1.92,1.8,1.91,21700
ISIL,16-Jul-2012,10.03,10.11,9.92,10.04,715000
ISLE,16-Jul-2012,5.78,5.81,5.58,5.6,70200
ISM,16-Jul-2012,23.39,23.4,22.85,22.85,17400
ISNS,16-Jul-2012,5.48,5.48,5.48,5.48,1500
ISRG,16-Jul-2012,540.55,542.03,534,536.52,163500
ISRL,16-Jul-2012,109,109.5,109,109.5,200
ISSC,16-Jul-2012,3.32,3.38,3.22,3.38,5200
ITIC,16-Jul-2012,56.5,59.93,51.56,58.51,8300
ITRI,16-Jul-2012,41.2,41.2,40.41,40.84,319200
ITRN,16-Jul-2012,11.04,11.07,10.9,11.07,10400
IVAC,16-Jul-2012,6.45,6.68,6.45,6.6,64400
IXYS,16-Jul-2012,10.19,10.19,9.89,10.14,41100
JACK,16-Jul-2012,28.3,28.39,27.94,28.06,331600
JAKK,16-Jul-2012,16.12,16.38,15.8,15.81,394300
JASO,16-Jul-2012,4.95,5.1,4.85,5,511900
JAZZ,16-Jul-2012,46.18,48.5,46.03,47.29,751900
JBHT,16-Jul-2012,59,59.05,58.24,58.33,1079800
JBLU,16-Jul-2012,5.76,5.94,5.75,5.86,4202900
JBSS,16-Jul-2012,19.16,19.67,18.97,19.38,154800
JCOM,16-Jul-2012,28.28,29.4,27.28,28.47,1715000
JCS,16-Jul-2012,11.03,11.36,11.02,11.34,10200
JCTCF,16-Jul-2012,5.475,5.575,5.36,5.405,3700
JIVE,16-Jul-2012,18.65,18.79,18.43,18.56,338800
JJSF,16-Jul-2012,57.57,57.57,56.6,56.72,23400
JKHY,16-Jul-2012,35.31,35.33,34.77,34.88,297400
JMBA,16-Jul-2012,13.3,14.4,13.05,13.95,2094000
JOBS,16-Jul-2012,20.695,21.14,20.695,21.01,38400
JOUT,16-Jul-2012,21,21.25,20.99,21.19,9900
JRJC,16-Jul-2012,1.52,1.6,1.5,1.54,9000
JSM,16-Jul-2012,23.15,23.42,23.11,23.13,32600
JVA,16-Jul-2012,5.44,5.77,5.41,5.54,99500
JXSB,16-Jul-2012,16.1,16.5,15.55,15.55,700
KALU,16-Jul-2012,52.52,52.54,52,52.35,50100
KCAP,16-Jul-2012,7.55,7.78,7.53,7.68,383900
KELYA,16-Jul-2012,12.17,12.25,12,12.03,94700
KELYB,16-Jul-2012,12.91,12.91,12.91,12.91,0
KEQU,16-Jul-2012,12.29,12.77,11.7,12.28,53800
KERX,16-Jul-2012,2.05,2.08,1.85,1.88,2149400
KEYW,16-Jul-2012,11.02,11.22,10.79,11.13,78400
KFFB,16-Jul-2012,8.1,8.1,8.1,8.1,0
KFRC,16-Jul-2012,13.4,13.4,13.13,13.16,56700
KGJI,16-Jul-2012,1.55,1.7,1.52,1.61,169800
KINS,16-Jul-2012,5.55,5.76,5.55,5.76,2400
KIRK,16-Jul-2012,10.89,11.08,10.63,10.75,21200
KLAC,16-Jul-2012,45.41,45.83,44.88,45.59,1739600
KLIC,16-Jul-2012,8.44,8.49,8.24,8.36,752300
KNDI,16-Jul-2012,3.79,3.98,3.72,3.8,266100
KONA,16-Jul-2012,8.41,8.41,7.79,7.81,147100
KONE,16-Jul-2012,2.9,2.9,2.9,2.9,0
KOOL,16-Jul-2012,17.6,18.4,17.6,18,10300
KOPN,16-Jul-2012,3.58,3.59,3.51,3.54,145800
KOSS,16-Jul-2012,5.03,5.18,5.03,5.15,400
KRNY,16-Jul-2012,9.86,9.9,9.59,9.6,21900
KTCC,16-Jul-2012,8.14,8.14,7.76,7.8,64800
KTEC,16-Jul-2012,9.31,9.49,9.31,9.49,1000
KTOS,16-Jul-2012,5.8,5.9,5.69,5.7,101600
KVHI,16-Jul-2012,12.79,12.79,12.39,12.59,28500
KZ,16-Jul-2012,8.05,8.18,8.05,8.09,52800
LABL,16-Jul-2012,22.27,22.27,21.15,21.17,23800
LAKE,16-Jul-2012,7.17,7.59,7.17,7.5,5700
LAMR,16-Jul-2012,26.84,27.25,26.64,26.96,352600
LANC,16-Jul-2012,72.11,72.11,70.24,70.42,58100
LARK,16-Jul-2012,19.65,19.65,19.65,19.65,0
LAWS,16-Jul-2012,9.62,9.62,9.3,9.38,19000
LAYN,16-Jul-2012,21.61,21.82,21.41,21.8,80000
LBAI,16-Jul-2012,10.66,11,10.57,10.97,54200
LBIX,16-Jul-2012,4,4.16,3.99,4.08,16500
LBTYA,16-Jul-2012,25.6413,26.0858,25.4369,26.0552,823600
LBTYB,16-Jul-2012,50.04,50.04,50.04,50.04,0
LBTYK,16-Jul-2012,47.7,48.78,47.47,48.73,234300
LCNB,16-Jul-2012,13.75,13.75,13.45,13.7,1000
LCUT,16-Jul-2012,13.03,13.06,12.9,12.99,13200
LECO,16-Jul-2012,43.6,43.97,42.82,42.99,254200
LEDS,16-Jul-2012,2.26,2.36,2.24,2.31,25500
LFUS,16-Jul-2012,54.69,54.69,53.49,53.59,159000
LGCY,16-Jul-2012,26.67,27.62,26.61,27.35,152600
LGND,16-Jul-2012,17.91,17.91,17.46,17.59,59900
LHCG,16-Jul-2012,17.45,17.8,17.45,17.62,91900
LIFE,16-Jul-2012,42.77,43.54,42.69,43.15,1038400
LINC,16-Jul-2012,5.81,5.91,5.71,5.74,50500
LION,16-Jul-2012,8.64,8.72,8.64,8.65,4400
LIOX,16-Jul-2012,3.17,3.17,3.07,3.12,40800
LIVE,16-Jul-2012,3.5367,4.38,3.5333,3.6,236600
LKFN,16-Jul-2012,18.44,18.46,18.1533,18.3333,20600
LKQ,16-Jul-2012,17.09,17.15,16.785,16.965,394000
LLNW,16-Jul-2012,2.87,2.87,2.73,2.75,254400
LLTC,16-Jul-2012,29.96,30.08,29.68,29.8,1723800
LMAT,16-Jul-2012,6.25,6.25,6.25,6.25,0
LMCA,16-Jul-2012,30.96,31,30.55,30.7367,398500
LMIA,16-Jul-2012,18.55,18.9,18.23,18.73,34200
LMNR,16-Jul-2012,17.94,17.99,17.52,17.82,12000
LMNX,16-Jul-2012,18.87,19.02,17.84,17.96,701800
LMOS,16-Jul-2012,9.26,9.37,9.17,9.21,44000
LNCE,16-Jul-2012,24.2,24.27,23.91,23.93,116300
LNDC,16-Jul-2012,8.38,8.47,8.36,8.39,40200
LOAN,16-Jul-2012,0.99,0.99,0.99,0.99,0
LOGI,16-Jul-2012,9.52,9.57,9.44,9.5,655000
LOGM,16-Jul-2012,31.05,31.38,30.68,30.95,57800
LOPE,16-Jul-2012,20.76,20.9,20.25,20.31,424400
LORL,16-Jul-2012,70.59,71.3,69.89,70.92,20400
LPLA,16-Jul-2012,33.94,34.43,33.94,34.19,312000
LPNT,16-Jul-2012,40.24,40.3,39.8,40.13,153600
LPSN,16-Jul-2012,18.95,19.09,18.63,18.71,143400
LPTH,16-Jul-2012,1.04,1.04,0.97,1.01,6200
LQDT,16-Jul-2012,41.71,42.58,41.03,42.35,936400
LRAD,16-Jul-2012,1.22,1.25,1.15,1.18,32800
LRCX,16-Jul-2012,34.01,34.34,33.65,34.17,2330200
LSBK,16-Jul-2012,10.07,10.07,10.07,10.07,0
LSCC,16-Jul-2012,3.69,3.71,3.53,3.55,1261200
LSTR,16-Jul-2012,50.47,50.52,49.78,49.92,145200
LTBR,16-Jul-2012,12.5,12.75,12.5,12.75,2600
LTRX,16-Jul-2012,2.31,2.31,2.25,2.25,1400
LULU,16-Jul-2012,55.82,56.02,54.65,55.42,2058000
LUNA,16-Jul-2012,1.52,1.6,1.45,1.45,7100
LWAY,16-Jul-2012,10.79,10.79,10.58,10.58,1700
LXRX,16-Jul-2012,20.44,22.4,20.16,22.05,2645300
LYTS,16-Jul-2012,7.07,7.07,6.85,6.97,8200
MACK,16-Jul-2012,7.43,7.77,7.3,7.6,96700
MAGS,16-Jul-2012,3.85,3.86,3.7,3.7,1900
MANH,16-Jul-2012,10.9475,10.9775,10.62,10.665,103400
MANT,16-Jul-2012,22.44,22.7,22.17,22.48,196400
MARK,16-Jul-2012,2.74,2.74,2.54,2.62,3300
MARPS,16-Jul-2012,24.12,25,24.12,25,1900
MASI,16-Jul-2012,23.06,23.11,22.71,22.77,165900
MAT,16-Jul-2012,31.08,31.69,30.91,31.04,3817900
MATR,16-Jul-2012,7.75,7.76,7.59,7.73,6200
MATW,16-Jul-2012,32.08,32.27,31.39,31.56,70400
MAYS,16-Jul-2012,20.08,20.08,20.08,20.08,0
MBFI,16-Jul-2012,22.05,22.17,21.89,22.16,128400
MBLX,16-Jul-2012,12.84,13.08,12.48,12.72,61500
MBRG,16-Jul-2012,16.38,16.74,16.16,16.51,22200
MBTF,16-Jul-2012,2.82,2.92,2.75,2.9,5900
MBVT,16-Jul-2012,27.37,28.75,27.35,28.16,22600
MBWM,16-Jul-2012,18.32,18.65,18.09,18.55,65400
MCBC,16-Jul-2012,3.4,3.42,3.36,3.42,2200
MCEP,16-Jul-2012,21.5,21.51,20.66,21.24,42600
MCHP,16-Jul-2012,31.6,31.8,31.25,31.55,1593300
MCHX,16-Jul-2012,4.18,4.18,4.08,4.12,73200
MCRI,16-Jul-2012,8.79,8.85,8.6,8.62,13300
MDCA,16-Jul-2012,10.95,11,10.82,10.83,56700
MDCO,16-Jul-2012,24.62,24.91,24.27,24.65,788400
MDM,16-Jul-2012,4.76,5.02,4.69,4.85,24500
MDRX,16-Jul-2012,10.34,10.37,9.91,9.94,2625200
MDSO,16-Jul-2012,16.095,16.17,15.91,15.995,57300
MEIP,16-Jul-2012,2.82,2.82,2.46,2.82,4100
MELI,16-Jul-2012,74.93,74.93,71.31,71.74,343100
MEMP,16-Jul-2012,17.85,17.85,17.6,17.65,20500
MENT,16-Jul-2012,14.23,14.77,14.14,14.7,915400
MEOH,16-Jul-2012,28.2,28.57,27.86,28.3,218900
MERC,16-Jul-2012,5.75,5.75,5.45,5.47,98400
MFNC,16-Jul-2012,6,6,6,6,0
MFRI,16-Jul-2012,6.91,6.91,6.78,6.84,500
MFSF,16-Jul-2012,10.4,10.4,10.4,10.4,0
MGEE,16-Jul-2012,32.3733,32.46,32.24,32.3467,26100
MGIC,16-Jul-2012,5.13,5.17,5.08,5.11,29800
MGLN,16-Jul-2012,46.8,46.94,46.27,46.55,76200
MGPI,16-Jul-2012,3.59,3.59,3.31,3.5,14400
MGRC,16-Jul-2012,26.78,26.88,26.25,26.59,54600
MGYR,16-Jul-2012,4.14,4.14,4.14,4.14,0
MHGC,16-Jul-2012,4.78,4.78,4.72,4.73,10900
MHLD,16-Jul-2012,8.94,9.01,8.84,8.97,110700
MIDD,16-Jul-2012,33.16,33.2567,32.6667,32.9167,33400
MIND,16-Jul-2012,16.39,16.5,16.15,16.28,133200
MINI,16-Jul-2012,14.68,14.68,14.28,14.3,117000
MITK,16-Jul-2012,3.8,4.06,3.71,3.91,287900
MITL,16-Jul-2012,4.31,4.45,4.31,4.45,32400
MKSI,16-Jul-2012,26.76,27.01,26.42,26.53,132100
MKTX,16-Jul-2012,29.11,29.14,28.74,28.8,84100
MLAB,16-Jul-2012,46,46.48,46,46.48,2300
MLHR,16-Jul-2012,18.35,18.64,17.97,18.07,128900
MLNK,16-Jul-2012,3.5,3.57,3.17,3.21,98300
MLNX,16-Jul-2012,65.74,67.45,63.71,65.85,898600
MLVF,16-Jul-2012,8.25,8.5,8.25,8.5,1700
MMLP,16-Jul-2012,35.17,35.17,34.65,34.72,34100
MMSI,16-Jul-2012,14.04,14.17,13.95,14.09,146200
MMYT,16-Jul-2012,13.94,14.01,13.91,13.96,20600
MNDO,16-Jul-2012,1.71,1.75,1.68,1.75,13300
MNKD,16-Jul-2012,2.65,2.77,2.64,2.73,2019200
MNOV,16-Jul-2012,1.89,1.93,1.85,1.88,5000
MNRO,16-Jul-2012,36.15,36.36,35.89,36.05,121300
MNST,16-Jul-2012,24.5033,24.63,24.1167,24.17,1356600
MNTA,16-Jul-2012,14.28,14.38,14.12,14.27,176600
MNTX,16-Jul-2012,8.3,8.68,8.24,8.36,101000
MOBI,16-Jul-2012,2.2,2.26,2.16,2.17,22900
MOCO,16-Jul-2012,15.4,15.4,14.86,15.3,3900
MOFG,16-Jul-2012,22.31,22.63,21.78,22.57,23700
MORN,16-Jul-2012,59.75,59.98,59.24,59.47,46300
MOSY,16-Jul-2012,3.21,3.24,3.12,3.19,10900
MPAA,16-Jul-2012,4.06,4.1,3.96,4.04,112200
MPB,16-Jul-2012,9.7,9.72,8.97,8.99,3300
MPEL,16-Jul-2012,10.28,10.37,10.01,10.08,3466900
MPET,16-Jul-2012,1.09,1.09,1.05,1.09,72900
MPWR,16-Jul-2012,19.01,19.2,18.28,18.37,371800
MRCY,16-Jul-2012,12.54,12.69,12.41,12.54,48300
MRLN,16-Jul-2012,16.78,16.85,16.42,16.64,6500
MRTN,16-Jul-2012,12.8933,12.94,12.24,12.2933,185400
MRVL,16-Jul-2012,10.48,10.6,10.36,10.38,9677000
MSBF,16-Jul-2012,5.75,5.87,5.64,5.75,6600
MSCC,16-Jul-2012,17.82,17.92,17.55,17.63,336100
MSEX,16-Jul-2012,19.05,19.06,18.9,18.91,14100
MSFG,16-Jul-2012,12.18,12.29,12.03,12.06,30000
MSFT,16-Jul-2012,29.48,29.53,29.04,29.44,27901900
MSLI,16-Jul-2012,1.62,1.62,1.62,1.62,0
MSON,16-Jul-2012,3.09,3.65,2.91,3.18,266300
MSTR,16-Jul-2012,116.85,117.43,115.07,116.64,59200
MTEX,16-Jul-2012,6.61,6.7,6.47,6.69,1800
MTGE,16-Jul-2012,24.49,24.67,24.38,24.57,449300
MTRX,16-Jul-2012,11.59,11.63,11.19,11.22,44300
MTSC,16-Jul-2012,38.82,39.27,38.71,38.79,43600
MTSI,16-Jul-2012,16.19,16.24,15.81,15.92,42600
MTSL,16-Jul-2012,1.85,1.85,1.85,1.85,0
MU,16-Jul-2012,6.09,6.1,5.85,6,27492600
MVIS,16-Jul-2012,1.62,1.62,1.54,1.57,350200
MXIM,16-Jul-2012,24.38,24.45,23.97,24.07,1726200
MXWL,16-Jul-2012,6.63,6.71,6.44,6.5,222700
MYGN,16-Jul-2012,25.49,25.99,24.9,25.3,589100
MYL,16-Jul-2012,22.14,22.25,22.05,22.09,2511900
MYRG,16-Jul-2012,15.55,15.64,15.28,15.34,104800
NAII,16-Jul-2012,6.2,6.49,6.2,6.2,10400
NANO,16-Jul-2012,14.69,14.87,14.26,14.29,92600
NATH,16-Jul-2012,30.55,30.55,29.5,30.03,6900
NATI,16-Jul-2012,26.83,26.88,26.5,26.74,317200
NATL,16-Jul-2012,26.5,27.36,26.5,26.81,8100
NATR,16-Jul-2012,16.58,16.58,15.6,16.1,6700
NAUH,16-Jul-2012,4.92,4.96,4.66,4.66,14000
NAVG,16-Jul-2012,52.26,52.92,52.02,52.02,13900
NBIX,16-Jul-2012,7.81,8.01,7.68,7.88,269800
NBN,16-Jul-2012,8.57,8.57,8.51,8.55,5600
NBTB,16-Jul-2012,21.8,21.88,21.66,21.7,59400
NCIT,16-Jul-2012,5.58,5.85,5.57,5.72,81600
NCMI,16-Jul-2012,15.34,15.42,15.16,15.25,69700
NCTY,16-Jul-2012,5.13,5.15,5,5.06,2900
NDAQ,16-Jul-2012,22.53,22.77,22.34,22.51,998100
NDSN,16-Jul-2012,51.09,51.12,49.83,50.81,289400
NEOG,16-Jul-2012,29.3333,29.48,28.9667,29.3333,244200
NEON,16-Jul-2012,5.99,6.28,5.61,5.66,433100
NEPT,16-Jul-2012,4.66,4.73,4.46,4.68,311900
NEWS,16-Jul-2012,13.2,13.27,12.86,12.89,32300
NEWT,16-Jul-2012,7.05,7.15,7.05,7.15,4200
NFBK,16-Jul-2012,14.76,14.84,14.7,14.8,13900
NFEC,16-Jul-2012,1,1.03,1,1.03,2900
NFLX,16-Jul-2012,12.1586,12.2214,11.8043,11.8543,2992900
NICE,16-Jul-2012,33.77,33.88,33.33,33.62,107700
NICK,16-Jul-2012,12.8,12.99,12.8,12.96,6800
NIHD,16-Jul-2012,8.28,8.4,8.15,8.28,4716600
NILE,16-Jul-2012,24.78,25.23,23.68,25.02,364400
NKSH,16-Jul-2012,31.96,31.96,30.7,31.74,14500
NKTR,16-Jul-2012,8.51,9.75,8.43,9.68,3385800
NLNK,16-Jul-2012,13.92,13.96,13.6,13.79,50000
NLST,16-Jul-2012,1.72,1.78,1.7,1.75,60400
NMRX,16-Jul-2012,9.74,9.74,9.59,9.61,3600
NNBR,16-Jul-2012,9.13,9.41,9.03,9.4,86000
NRIM,16-Jul-2012,21.41,21.57,21.41,21.41,1000
NSEC,16-Jul-2012,8.58,8.8,8.57,8.8,3600
NSIT,16-Jul-2012,16.5,16.63,16.36,16.45,146500
NSSC,16-Jul-2012,2.95,2.96,2.94,2.95,15400
NSYS,16-Jul-2012,3.38,3.38,3.38,3.38,0
NTAP,16-Jul-2012,28.43,28.87,28.36,28.62,4738000
NTCT,16-Jul-2012,19.79,19.79,19.28,19.35,302800
NTES,16-Jul-2012,57.48,57.97,56.66,56.75,281800
NTGR,16-Jul-2012,33.01,33.08,32.24,32.5,355100
NTIC,16-Jul-2012,10.71,10.88,10.71,10.73,600
NTRI,16-Jul-2012,11.19,11.19,10.96,11.04,289600
NTRS,16-Jul-2012,46.94,47.32,46.84,47.03,978700
NTWK,16-Jul-2012,5.3,5.9,5.3,5.9,1470600
NUAN,16-Jul-2012,21.55,21.55,21.11,21.22,2551500
NURO,16-Jul-2012,14.88,15.84,14.88,15.84,3000
NUTR,16-Jul-2012,15.53,15.58,15.05,15.19,11900
NUVA,16-Jul-2012,24.72,24.79,24.27,24.41,413300
NVAX,16-Jul-2012,2.12,2.13,1.95,2.06,1736500
NVDA,16-Jul-2012,12.48,12.7,12.36,12.6,8362400
NVDQ,16-Jul-2012,7.26,7.3,7.09,7.3,37000
NVEC,16-Jul-2012,52.05,52.34,50.99,51.16,13700
NVGN,16-Jul-2012,1.99,1.99,1.99,1.99,0
NVMI,16-Jul-2012,8.5,8.55,8.33,8.42,11400
NWBI,16-Jul-2012,11.84,11.9,11.71,11.81,546700
NWFL,16-Jul-2012,28.68,28.7,28.68,28.7,400
NWLI,16-Jul-2012,148.25,148.25,143.01,146.46,2000
NWPX,16-Jul-2012,24.12,24.31,23.61,24.14,25500
NWS,16-Jul-2012,22.07,22.12,21.83,22.02,1834600
NWSA,16-Jul-2012,21.85,21.96,21.64,21.85,8948000
NXPI,16-Jul-2012,20.3,20.43,19.87,20.37,789100
NXST,16-Jul-2012,6.15,6.28,6.12,6.14,22400
NXTM,16-Jul-2012,15.96,16.03,15.29,15.35,267600
NYMT,16-Jul-2012,6.85,6.9,6.75,6.87,451700
NYMX,16-Jul-2012,6.91,7.23,6.87,6.88,112200
NYNY,16-Jul-2012,8.95,9.2,8.95,9.2,1800
OBAS,16-Jul-2012,6.15,6.15,6.15,6.15,0
OBCI,16-Jul-2012,2.28,2.34,2.2,2.24,7400
OCC,16-Jul-2012,4.79,4.87,4.78,4.78,18200
OCFC,16-Jul-2012,14.26,14.26,14.12,14.17,8400
OCLR,16-Jul-2012,2.47,2.49,2.4,2.42,442600
OCLS,16-Jul-2012,25.55,28.35,25.55,26.25,195500
ODFL,16-Jul-2012,28.2533,28.2533,27.7333,27.88,299700
OFED,16-Jul-2012,12.97,13,12.97,13,4000
OFIX,16-Jul-2012,40.66,40.81,39.98,40.42,72200
OFLX,16-Jul-2012,11.17,11.68,11.05,11.21,13100
OGXI,16-Jul-2012,14.82,14.82,14.37,14.53,12900
OIIM,16-Jul-2012,4.05,4.05,3.98,4,18800
OKSB,16-Jul-2012,9.56,9.57,9.3,9.41,55400
OLBK,16-Jul-2012,10,10.1,10,10.02,2500
OMAB,16-Jul-2012,16.8,17.27,16.8,17.16,14700
OMCL,16-Jul-2012,14.67,14.67,14.39,14.5,75700
OMER,16-Jul-2012,9.68,9.68,9.1,9.22,241600
OMEX,16-Jul-2012,43.8,44.04,42.12,43.56,673700
ONEQ,16-Jul-2012,114.65,114.74,113.29,114.22,1900
ONVI,16-Jul-2012,3.85,3.85,3.85,3.85,100
OPHC,16-Jul-2012,21.2,22.8,18.8,19.6,49200
OPOF,16-Jul-2012,10.53,10.53,10.53,10.53,100
OPTT,16-Jul-2012,26.2,28,25.2,26.7,129000
OPXA,16-Jul-2012,3.2,3.28,2.28,2.52,687700
OPXAW,16-Jul-2012,0.11,0.13,0.09,0.11,18100
ORBC,16-Jul-2012,3.79,3.81,3.46,3.53,252600
ORBK,16-Jul-2012,7.73,7.91,7.55,7.74,240300
OREX,16-Jul-2012,73.1,76.5,72.1,74,14143600
ORIG,16-Jul-2012,14.98,15.1,14.8,14.98,77800
ORIT,16-Jul-2012,14.73,14.85,14.68,14.72,110300
ORLY,16-Jul-2012,91.3,91.54,90.36,90.59,1525100
ORRF,16-Jul-2012,8.68,8.93,8.49,8.86,8600
OSBC,16-Jul-2012,1.6,1.75,1.44,1.5,39600
OSBCP,16-Jul-2012,5.07,5.2,5.07,5.2,3200
OSHC,16-Jul-2012,11.25,12.75,11.25,12.54,1400
OSIR,16-Jul-2012,10.25,10.3,9.8,10.1,253100
OSIS,16-Jul-2012,63.54,63.7,62.64,63.16,55800
OSM,16-Jul-2012,24.16,24.2,23.85,23.98,9300
OSN,16-Jul-2012,2.91,2.91,2.82,2.91,300
OSTK,16-Jul-2012,6.45,6.46,6.21,6.24,97700
OSUR,16-Jul-2012,12.33,12.4,12.29,12.32,610100
OTEX,16-Jul-2012,23.62,23.905,23.095,23.695,201900
OTIV,16-Jul-2012,1.35,1.4,1.32,1.4,36300
OTTR,16-Jul-2012,23.93,23.93,23.6,23.66,54300
OVBC,16-Jul-2012,18.75,18.82,18.75,18.81,600
OVLY,16-Jul-2012,7.25,7.25,7.25,7.25,0
OXLC,16-Jul-2012,14.4,14.5,14.4,14.41,28200
OZRK,16-Jul-2012,16.545,16.985,16.485,16.88,309200
PAAS,16-Jul-2012,14.75,14.75,14.33,14.49,1284600
PACB,16-Jul-2012,2.03,2.15,1.95,2.14,212100
PACW,16-Jul-2012,25.12,25.4,25.01,25.02,89600
PAGG,16-Jul-2012,28.55,28.65,28.35,28.54,9400
PANL,16-Jul-2012,34.64,35.61,34.25,35.53,295100
PATK,16-Jul-2012,9.7333,9.7333,9.3333,9.4733,68400
PAYX,16-Jul-2012,31.86,32.06,31.72,32.03,1694100
PBCT,16-Jul-2012,12.07,12.15,11.96,12.09,2364300
PBHC,16-Jul-2012,9.25,9.25,9.25,9.25,0
PBIB,16-Jul-2012,1.57,1.57,1.57,1.57,400
PBIP,16-Jul-2012,5.47,5.47,5.47,5.47,0
PBMD,16-Jul-2012,3.4,3.5,3.15,3.15,1300
PBSK,16-Jul-2012,12.39,12.66,12,12.66,1000
PCAR,16-Jul-2012,37.03,37.18,36.43,36.7,1362900
PCBK,16-Jul-2012,9.37,9.42,9.26,9.3,19200
PCH,16-Jul-2012,34.66,35.02,34.61,34.91,143200
PCLN,16-Jul-2012,639.95,640.77,634.57,637.73,602600
PCO,16-Jul-2012,1.03,1.05,1.01,1.05,217700
PCOM,16-Jul-2012,12.61,12.75,12.5,12.71,56700
PCRX,16-Jul-2012,15.44,15.73,15.3,15.67,77700
PCTI,16-Jul-2012,6.19,6.36,6.07,6.08,63000
PCYO,16-Jul-2012,2.04,2.14,2.03,2.1,65200
PDCE,16-Jul-2012,25.64,27.27,25.18,26.22,204400
PDCO,16-Jul-2012,34.41,34.48,34.1,34.37,432500
PDEX,16-Jul-2012,1.99,2.06,1.93,2.04,2800
PDFS,16-Jul-2012,8.95,8.95,8.62,8.77,21800
PDLI,16-Jul-2012,6.83,6.99,6.8,6.95,2342200
PEBK,16-Jul-2012,8.19,8.19,8.19,8.19,500
PEBO,16-Jul-2012,22.11,22.11,21.75,21.88,12100
PEGA,16-Jul-2012,14.63,14.995,14.375,14.54,124900
PEIX,16-Jul-2012,4.05,5.1,3.9,4.8,6855700
PENN,16-Jul-2012,42.21,42.46,41.86,42.34,426300
PERF,16-Jul-2012,8.7,8.74,8.62,8.71,1600
PERI,16-Jul-2012,4.3,4.48,4.3,4.42,152900
PERY,16-Jul-2012,19.89,20.03,19.36,19.45,92100
PESI,16-Jul-2012,5.35,5.75,5.25,5.5,49800
PETS,16-Jul-2012,11.54,11.59,11.36,11.4,202400
PFBC,16-Jul-2012,11.95,11.95,11.7,11.7,17200
PFBI,16-Jul-2012,7.44,7.64,7.44,7.64,400
PFBX,16-Jul-2012,10.36,10.36,10.19,10.19,1900
PFIN,16-Jul-2012,5.64,5.67,5.45,5.49,20600
PFLT,16-Jul-2012,12.1,12.2,12,12.1,11600
PFPT,16-Jul-2012,15.4,15.4,14.94,14.94,16200
PFSW,16-Jul-2012,2.84,2.84,2.61,2.66,23100
PGC,16-Jul-2012,16.13,16.13,15.38,15.42,10800
PGNX,16-Jul-2012,10.14,10.27,10.01,10.18,79400
PGTI,16-Jul-2012,3.15,3.16,3.09,3.14,14100
PHII,16-Jul-2012,26.15,26.15,26.15,26.15,0
PHIIK,16-Jul-2012,27.65,27.94,27.41,27.54,12600
PHMD,16-Jul-2012,70,70.5,68.35,69.95,60300
PICO,16-Jul-2012,23.02,23.16,22.87,23,187000
PKBK,16-Jul-2012,5.39,5.39,5.25,5.38,5100
PKOH,16-Jul-2012,19.88,19.89,19.33,19.45,18200
PLAB,16-Jul-2012,6.19,6.29,6.09,6.23,198400
PLBC,16-Jul-2012,3.12,3.12,3,3.09,1100
PLCE,16-Jul-2012,50.3,50.35,49.45,49.88,239000
PLPC,16-Jul-2012,56.96,56.96,56.02,56.02,500
PLUG,16-Jul-2012,1.11,1.15,1.1,1.11,78700
PLUS,16-Jul-2012,32.63,32.97,32.23,32.71,2600
PLXS,16-Jul-2012,26.82,26.98,26.5,26.68,146900
PMBC,16-Jul-2012,7.19,7.19,6.91,6.98,17400
PMD,16-Jul-2012,11.85,11.85,11.14,11.19,24900
PNBK,16-Jul-2012,16.3,16.3,15.8,15.8,500
PNFP,16-Jul-2012,19.19,19.39,19.14,19.21,74900
PNNT,16-Jul-2012,10.64,10.73,10.56,10.66,158600
PNQI,16-Jul-2012,37.48,37.48,37.14,37.19,3800
PNRA,16-Jul-2012,144.01,147.79,143.59,144.91,824900
PNRG,16-Jul-2012,27.5,27.5,27.5,27.5,0
PNTR,16-Jul-2012,2.6,2.6,2.6,2.6,100
PODD,16-Jul-2012,20.61,20.77,20.48,20.7,128200
POOL,16-Jul-2012,40.15,40.39,39.15,39.33,256800
POPE,16-Jul-2012,54.62,56,54.62,55.03,1300
POWI,16-Jul-2012,34.83,34.96,34.6,34.72,203400
POWL,16-Jul-2012,37.45,37.97,37.2,37.35,16900
PPBI,16-Jul-2012,8.22,8.3,8.15,8.19,3400
PPHM,16-Jul-2012,1.05,1.06,0.99,1.06,2598900
PRAA,16-Jul-2012,29.69,29.99,29.1067,29.9367,99700
PRAN,16-Jul-2012,9.3,9.48,9.24,9.3,4600
PRCP,16-Jul-2012,5.37,5.48,5.27,5.48,2600
PRFT,16-Jul-2012,12.04,12.15,12.03,12.12,219600
PRFZ,16-Jul-2012,64.48,64.48,64.09,64.12,38000
PRGS,16-Jul-2012,19.77,19.82,19.29,19.34,177800
PRGX,16-Jul-2012,8.22,8.26,7.97,8.01,27000
PRIM,16-Jul-2012,12.34,12.34,11.93,11.96,110800
PRKR,16-Jul-2012,28.5,29.9,27.1,28.3,583600
PRMW,16-Jul-2012,1.58,1.59,1.51,1.59,118400
PROV,16-Jul-2012,11.3,11.3,10.92,11.19,4900
PRPH,16-Jul-2012,1.15,1.23,1.14,1.23,7800
PRSC,16-Jul-2012,13.09,13.09,12.9,12.94,12200
PRSS,16-Jul-2012,13.93,14.53,13.87,14.08,16000
PRTS,16-Jul-2012,4.55,4.55,4.43,4.43,6300
PRXL,16-Jul-2012,28.84,29.17,28.54,29.04,361900
PSAU,16-Jul-2012,32.24,32.49,32.24,32.4,2200
PSCC,16-Jul-2012,35.23,35.23,34.64,34.7,9400
PSCD,16-Jul-2012,30.14,30.18,29.96,29.97,6500
PSCE,16-Jul-2012,31.47,31.99,31.47,31.98,3600
PSCF,16-Jul-2012,30.52,30.65,30.49,30.58,10300
PSCH,16-Jul-2012,35.71,36.12,35.71,36.01,41600
PSCI,16-Jul-2012,28.54,28.54,28.46,28.46,1500
PSCM,16-Jul-2012,28.18,28.18,28.18,28.18,0
PSCT,16-Jul-2012,28.28,28.28,28,28.13,11200
PSCU,16-Jul-2012,31.51,31.59,31.47,31.47,5600
PSDV,16-Jul-2012,2.1,2.2,2.07,2.14,17000
PSEC,16-Jul-2012,11.17,11.24,11.15,11.21,2931100
PSMT,16-Jul-2012,69.51,70.35,68.38,70.28,228300
PSTB,16-Jul-2012,4.73,4.73,4.67,4.72,29500
PSTI,16-Jul-2012,2.42,2.46,2.38,2.41,94500
PTEN,16-Jul-2012,13.96,14.25,13.73,14.08,3186800
PTIE,16-Jul-2012,4.29,4.34,4.22,4.33,79100
PTNR,16-Jul-2012,3.83,3.83,3.71,3.74,117800
PTSI,16-Jul-2012,9.6,9.69,9.6,9.69,300
PVTB,16-Jul-2012,15.93,15.93,15.58,15.6,271200
PVTBP,16-Jul-2012,26.35,26.7,26.25,26.6,12300
PWOD,16-Jul-2012,40.71,40.97,39.15,40.36,5600
PWX,16-Jul-2012,13.18,13.75,12.54,13.75,2700
PXLW,16-Jul-2012,2.45,2.45,2.38,2.4,31100
PZZA,16-Jul-2012,24.71,25.2,24.59,24.92,200400
QABA,16-Jul-2012,25.63,25.63,25.39,25.55,1700
QADA,16-Jul-2012,13.85,14.05,13.85,13.88,10300
QADB,16-Jul-2012,13.48,13.7,13.35,13.49,3000
QBAK,16-Jul-2012,11.04,11.04,11.04,11.04,0
QCLN,16-Jul-2012,8.87,8.93,8.8,8.93,3400
QCOM,16-Jul-2012,55.26,55.33,53.96,54.36,11611600
QCRH,16-Jul-2012,14.18,14.25,13.8,14.25,300
QDEL,16-Jul-2012,16.68,16.84,16.38,16.79,66900
QGEN,16-Jul-2012,16.92,17.12,16.91,16.96,543100
QLTI,16-Jul-2012,7.79,7.98,7.74,7.93,191900
QNST,16-Jul-2012,9.99,10.06,9.93,10.01,150700
QQEW,16-Jul-2012,24.24,24.3,24.07,24.15,7800
QQQ,16-Jul-2012,63.24,63.52,62.95,63.2,27623100
QQQC,16-Jul-2012,12.77,12.77,12.73,12.73,300
QQQX,16-Jul-2012,15.53,15.57,15.36,15.44,36200
QQXT,16-Jul-2012,23.18,23.18,23.03,23.03,3400
QSII,16-Jul-2012,26.5,26.95,25.8,26.11,809500
QTEC,16-Jul-2012,23.83,23.83,23.6,23.7,43000
QUIK,16-Jul-2012,2.41,2.43,2.3,2.31,96600
RADA,16-Jul-2012,2.6,2.62,2.36,2.52,4300
RAIL,16-Jul-2012,20.84,20.84,20.26,20.57,96600
RAND,16-Jul-2012,2.85,2.86,2.76,2.81,5600
RAVN,16-Jul-2012,37.035,37.035,35.58,35.685,42800
RBCAA,16-Jul-2012,23.66,23.76,23.15,23.15,16100
RBCN,16-Jul-2012,10.72,10.72,10.36,10.57,138200
RBPAA,16-Jul-2012,2.18,2.3,2.16,2.19,12300
RCII,16-Jul-2012,33.4,33.43,32.79,33.23,250200
RCKY,16-Jul-2012,13.56,13.73,13.53,13.73,5700
RCMT,16-Jul-2012,5.34,5.46,5.32,5.46,25600
RCON,16-Jul-2012,1.86,1.89,1.82,1.84,900
RDCM,16-Jul-2012,4.13,4.23,3.96,4.18,3300
RDI,16-Jul-2012,5.39,5.42,5.21,5.26,49700
RDIB,16-Jul-2012,5.5,5.5,5.5,5.5,0
RDNT,16-Jul-2012,2.7,2.71,2.61,2.61,90300
RDWR,16-Jul-2012,18.15,18.445,17.97,18.1,67900
RECN,16-Jul-2012,12.01,12.09,11.9,11.98,377300
REFR,16-Jul-2012,3.01,3.06,3,3.06,5700
REGI,16-Jul-2012,8.04,8.39,7.8,8.15,32600
REGN,16-Jul-2012,117.52,119.36,117.07,118.72,524800
REIS,16-Jul-2012,10.24,10.5,10.08,10.34,8900
RELL,16-Jul-2012,12.33,12.53,12.33,12.47,25700
RELV,16-Jul-2012,10.29,10.36,9.8,10.08,4700
REXX,16-Jul-2012,12.01,12.89,11.91,12.66,1458300
RFIL,16-Jul-2012,3.84,3.87,3.81,3.87,2500
RGCO,16-Jul-2012,17.8,18.28,17.8,18.28,900
RGEN,16-Jul-2012,4.32,4.32,4.21,4.25,39800
RGLD,16-Jul-2012,74.52,74.72,73.2,73.49,543200
RICK,16-Jul-2012,8.63,8.65,8.56,8.65,4400
RIGL,16-Jul-2012,9.74,9.79,9.3,9.75,185200
RLOG,16-Jul-2012,8.26,8.26,8.11,8.17,47800
RMBS,16-Jul-2012,5.13,5.32,5.08,5.1,456100
RMCF,16-Jul-2012,12.21,12.68,12.14,12.58,12600
RMTI,16-Jul-2012,9.22,9.5,9.13,9.37,43700
RNET,16-Jul-2012,18.62,19.11,18.37,19.04,43400
RNST,16-Jul-2012,16.25,16.36,16.06,16.13,61600
RNWK,16-Jul-2012,7.98,8.13,7.89,7.98,30300
ROCK,16-Jul-2012,10.97,11.15,10.82,10.94,64300
ROIA,16-Jul-2012,0.97,0.97,0.97,0.97,0
ROIAK,16-Jul-2012,0.91,0.97,0.91,0.92,1500
ROIC,16-Jul-2012,12.36,12.4,12.3,12.37,231900
ROLL,16-Jul-2012,48.35,48.35,47.51,47.69,43100
ROSG,16-Jul-2012,10.51,10.96,9.71,9.94,453200
ROST,16-Jul-2012,34.01,34.5,33.885,34.255,1190900
RP,16-Jul-2012,21.67,22.11,21.61,21.69,195100
RPRX,16-Jul-2012,8.16,9.16,7.82,8.4,370600
RPTP,16-Jul-2012,4.94,4.98,4.86,4.87,76600
RPXC,16-Jul-2012,14.27,14.35,13.57,13.64,110900
RRGB,16-Jul-2012,30.91,31.26,30.61,30.97,149500
RSTI,16-Jul-2012,18.58,18.71,18.39,18.5,106900
RSYS,16-Jul-2012,5.72,5.79,5.46,5.48,110800
RTIX,16-Jul-2012,3.57,3.57,3.5,3.5,132100
RUSHA,16-Jul-2012,14.79,14.96,14.72,14.82,105300
RUSHB,16-Jul-2012,12.25,12.39,12.24,12.35,37100
RUTH,16-Jul-2012,6.57,6.68,6.5,6.52,106100
RVSB,16-Jul-2012,1.36,1.41,1.35,1.37,10500
RYAAY,16-Jul-2012,29.75,29.93,29.63,29.66,216900
SAAS,16-Jul-2012,5.31,5.34,5.23,5.3,68500
SAFM,16-Jul-2012,41.15,41.3,39.45,39.74,517400
SAFT,16-Jul-2012,42.29,42.7,42.09,42.37,13500
SAIA,16-Jul-2012,13.3467,13.3467,13.0467,13.2867,96100
SALM,16-Jul-2012,5.6,5.6,5.31,5.34,28700
SANM,16-Jul-2012,7.58,7.62,7.31,7.31,467600
SANW,16-Jul-2012,5.25,5.36,5.2,5.2,9500
SASR,16-Jul-2012,18.5,18.57,18.3,18.33,30000
SATS,16-Jul-2012,25.91,26.09,25.68,25.99,105000
SAVE,16-Jul-2012,22.75,23.13,22.57,22.66,374900
SBAC,16-Jul-2012,56.98,57.15,56.66,57.05,1022700
SBBX,16-Jul-2012,4.9,5.15,4.9,5.15,400
SBCF,16-Jul-2012,7.5,7.5,7.2,7.2,249000
SBGI,16-Jul-2012,9.81,9.95,9.71,9.91,265300
SBLK,16-Jul-2012,55.5,55.5,53.25,55.5,32300
SBNY,16-Jul-2012,61.96,62.21,60.62,60.74,215000
SBNYW,16-Jul-2012,37.2,37.2,37.2,37.2,100
SBRA,16-Jul-2012,17.95,18.14,17.86,18.11,506100
SBSA,16-Jul-2012,4.07,4.17,4.07,4.14,16400
SBSI,16-Jul-2012,21.6667,21.6857,21.3143,21.4952,17400
SBUX,16-Jul-2012,26.73,26.93,26.38,26.45,4659300
SCHL,16-Jul-2012,27.63,27.78,27.3,27.73,92100
SCHN,16-Jul-2012,29.46,29.81,28.65,29.56,248000
SCKT,16-Jul-2012,1.91,1.93,1.86,1.86,2700
SCLN,16-Jul-2012,6.36,6.39,6.28,6.32,438400
SCMP,16-Jul-2012,5.07,5.12,4.95,5,57400
SCON,16-Jul-2012,118.8,124.2,118.8,124.2,15300
SCOR,16-Jul-2012,17.14,17.27,16.85,16.88,64700
SCSC,16-Jul-2012,29.04,29.04,28.67,28.69,43500
SCSS,16-Jul-2012,23.11,23.93,22.68,23.1,1621500
SCVL,16-Jul-2012,23.25,23.58,23.11,23.31,89500
SEAC,16-Jul-2012,8.04,8.06,7.82,7.92,41000
SEED,16-Jul-2012,1.49,1.51,1.44,1.44,90400
SEIC,16-Jul-2012,20.06,20.24,19.87,20.17,1165500
SENEA,16-Jul-2012,28.41,28.7,27.61,27.67,20500
SENEB,16-Jul-2012,28.35,28.35,28.35,28.35,200
SEV,16-Jul-2012,6.98,6.98,6.98,6.98,100
SFLY,16-Jul-2012,30.55,30.62,30.03,30.24,302400
SFNC,16-Jul-2012,23.47,23.64,23.4,23.52,56800
SFST,16-Jul-2012,8.35,8.35,8.35,8.35,300
SGC,16-Jul-2012,12.24,12.24,12.2,12.2,1000
SGEN,16-Jul-2012,25,25.59,24.75,25.31,463800
SGI,16-Jul-2012,6.35,6.48,6.32,6.36,225500
SGMA,16-Jul-2012,3.78,3.78,3.6,3.66,3000
SGMO,16-Jul-2012,5.12,5.28,5.07,5.12,167000
SGMS,16-Jul-2012,8.18,8.3,8.13,8.16,277900
SGRP,16-Jul-2012,1.1,1.1,1.1,1.1,0
SGYP,16-Jul-2012,4.57,4.63,4.5,4.51,97500
SGYPW,16-Jul-2012,2.1,2.1,2.1,2.1,0
SHBI,16-Jul-2012,5.35,5.35,5.35,5.35,300
SHEN,16-Jul-2012,7.655,7.785,7.415,7.63,79800
SHIP,16-Jul-2012,10.9,10.9,10.4,10.5,1600
SHLD,16-Jul-2012,53.4,54.77,53.28,54.67,513900
SHLM,16-Jul-2012,21.97,22,21.6,21.84,150800
SHLO,16-Jul-2012,11.33,11.33,11.05,11.2,5600
SHOO,16-Jul-2012,23.0533,23.0533,22.0267,22.2667,664600
SHOR,16-Jul-2012,4.24,4.36,4.16,4.3,353100
SHPG,16-Jul-2012,87.76,87.88,87.34,87.61,76600
SIEB,16-Jul-2012,1.56,1.58,1.4,1.4,900
SIFI,16-Jul-2012,11.43,11.55,11.27,11.44,6400
SIFY,16-Jul-2012,2.45,2.49,2.37,2.39,69200
SIGI,16-Jul-2012,17.71,17.8,17.6,17.63,76800
SIGM,16-Jul-2012,6.2,6.26,6.09,6.22,340800
SILC,16-Jul-2012,13.9,14,13.75,13.95,4700
SIMO,16-Jul-2012,12.45,13.09,12.41,13.02,386600
SINA,16-Jul-2012,49.04,49.42,47.65,47.85,1963000
SINO,16-Jul-2012,2.6,2.6,2.42,2.42,1300
SIRI,16-Jul-2012,2.04,2.08,2.04,2.07,30744600
SIVB,16-Jul-2012,58.49,58.65,57.7,58.31,126900
SIVBO,16-Jul-2012,25.47,25.47,25.47,25.47,100
SKYW,16-Jul-2012,7.97,8.07,7.88,7.95,503400
SKYY,16-Jul-2012,17.6,17.6,17.43,17.5,13000
SLAB,16-Jul-2012,35.95,36.25,35.24,35.81,138400
SLGN,16-Jul-2012,44.25,44.45,44.04,44.29,238200
SLM,16-Jul-2012,5.8036,5.8536,5.7821,5.85,2564000
SLMAP,16-Jul-2012,47.56,47.56,46.9,47.3,5900
SLMBP,16-Jul-2012,45,46,45,46,2600
SLP,16-Jul-2012,4.09,4.15,4.05,4.06,15300
SLRC,16-Jul-2012,23.12,23.35,23.06,23.26,164900
SMBC,16-Jul-2012,11.5,11.5,11.5,11.5,0
SMCI,16-Jul-2012,14.62,14.82,14.36,14.51,144700
SMED,16-Jul-2012,3.27,3.35,3.25,3.25,13600
SMIT,16-Jul-2012,3.8,3.84,3.6,3.6,8300
SMMF,16-Jul-2012,4.63,4.63,4.63,4.63,300
SMRT,16-Jul-2012,8.09,8.2,8.02,8.04,65200
SMSI,16-Jul-2012,7.52,7.6,7.36,7.44,34200
SMTC,16-Jul-2012,22.9,22.91,22.31,22.5,400100
SMTX,16-Jul-2012,3.11,3.19,3.1,3.11,16300
SNAK,16-Jul-2012,7.15,7.15,7,7,211200
SNBC,16-Jul-2012,14.4,14.4,13.8,14.2,22700
SNCR,16-Jul-2012,18.5,18.51,18.16,18.23,177800
SNFCA,16-Jul-2012,2.4,2.49,2.38,2.49,13200
SNHY,16-Jul-2012,22.69,22.69,22,22.12,27100
SNMX,16-Jul-2012,2.39,2.41,2.32,2.35,25200
SNPS,16-Jul-2012,30.06,30.33,30,30.21,782100
SNSS,16-Jul-2012,19.8,19.98,18.9,19.44,117900
SOCL,16-Jul-2012,13.35,13.35,13.12,13.14,20800
SODA,16-Jul-2012,37.6,38,36.94,37.45,295900
SOFO,16-Jul-2012,6.91,7.13,6.86,7.13,3600
SOHU,16-Jul-2012,38.7,38.99,37.05,37.23,889300
SONA,16-Jul-2012,7.49,7.49,7.47,7.48,600
SONC,16-Jul-2012,10.08,10.16,9.75,9.99,1373200
SONS,16-Jul-2012,8.85,8.95,8.8,8.85,666800
SORL,16-Jul-2012,2.29,2.59,2.29,2.3,26600
SOXX,16-Jul-2012,48.34,48.34,47.67,48.01,189300
SPAN,16-Jul-2012,17.6,17.6,17.6,17.6,0
SPAR,16-Jul-2012,5.42,5.47,5.36,5.39,68400
SPEX,16-Jul-2012,178.6,201.4,178.6,201.4,2300
SPIL,16-Jul-2012,4.69,4.81,4.67,4.71,877600
SPLK,16-Jul-2012,28.05,29.32,27.94,28.43,422400
SPLS,16-Jul-2012,12.45,12.57,12.24,12.52,9137600
SPNC,16-Jul-2012,11.71,11.71,11.25,11.56,88500
SPNS,16-Jul-2012,4,4,3.93,3.94,6400
SPPI,16-Jul-2012,16.69,17.42,16.61,16.8,1779800
SPRT,16-Jul-2012,3.19,3.19,3.13,3.13,48000
SPSC,16-Jul-2012,32.78,32.95,31.15,31.36,42300
SPTN,16-Jul-2012,18.43,18.43,18.06,18.08,46500
SPU,16-Jul-2012,1.58,1.59,1.55,1.55,17500
SPWR,16-Jul-2012,4.5,4.66,4.37,4.59,1481800
SQQQ,16-Jul-2012,195.08,197.56,192.44,195.4,1143700
SRCE,16-Jul-2012,23.32,23.47,23.14,23.26,11300
SRCL,16-Jul-2012,92.33,93.75,92.33,93.02,363700
SRDX,16-Jul-2012,17.4,17.45,17.28,17.3,32800
SREV,16-Jul-2012,12.51,12.83,12.42,12.76,338900
SRPT,16-Jul-2012,3.73,3.92,3.73,3.92,74900
SSBI,16-Jul-2012,6.04,6.05,6.04,6.05,4100
SSFN,16-Jul-2012,4.23,4.23,4.23,4.23,0
SSH,16-Jul-2012,12.98,13.15,10.95,11.03,379400
SSNC,16-Jul-2012,26.42,26.5,25.77,26.08,103000
SSRI,16-Jul-2012,11.37,11.73,11.29,11.62,617300
SSYS,16-Jul-2012,47.46,51.7,47.26,51.35,559500
STAA,16-Jul-2012,8.31,8.38,8.16,8.2,34100
STB,16-Jul-2012,7.16,7.25,7.11,7.15,119000
STBA,16-Jul-2012,19.04,19.14,18.78,18.84,62900
STBZ,16-Jul-2012,15.48,15.48,15.3,15.39,20100
STEM,16-Jul-2012,10.8,11.16,10.44,10.44,402800
STFC,16-Jul-2012,14.7,14.78,14.31,14.4,11000
STKL,16-Jul-2012,5.68,5.72,5.54,5.6,82900
STLD,16-Jul-2012,12.51,12.53,12.22,12.4,1745700
STLY,16-Jul-2012,4.1,4.15,4.02,4.15,11300
STMP,16-Jul-2012,24.03,24.88,23.28,23.48,115700
STPP,16-Jul-2012,34.74,34.74,34.74,34.74,0
STRA,16-Jul-2012,100.91,101.79,100.02,101.19,349400
STRL,16-Jul-2012,10.4,10.72,10.26,10.59,53800
STRM,16-Jul-2012,3.65,3.69,3.52,3.52,14300
STRS,16-Jul-2012,8.4,8.66,8.4,8.41,300
STRT,16-Jul-2012,21.54,21.59,21,21.57,4800
STX,16-Jul-2012,25.82,26.3,25.34,26.04,6746800
SUMR,16-Jul-2012,3.05,3.11,2.97,3.1,105200
SUNS,16-Jul-2012,17,17.03,16.96,16.97,17300
SUPN,16-Jul-2012,10.2,10.35,9.76,9.88,121300
SVA,16-Jul-2012,2.19,2.33,2.17,2.22,185300
SVBI,16-Jul-2012,3.05,3.05,2.85,2.99,5100
SVVC,16-Jul-2012,17.5,17.52,16.53,16.58,131200
SWHC,16-Jul-2012,9.61,10,9.61,9.67,2500800
SWIR,16-Jul-2012,8.84,9.32,8.75,9.25,163300
SWKS,16-Jul-2012,26.55,26.73,25.57,25.86,3815800
SYBT,16-Jul-2012,16.4667,16.5933,16.3333,16.4,8500
SYKE,16-Jul-2012,15.43,15.46,14.89,15.02,149600
SYMC,16-Jul-2012,13.41,13.43,13.25,13.32,7572200
SYMX,16-Jul-2012,1.15,1.17,1.15,1.17,30800
SYNA,16-Jul-2012,26.12,26.5,25.96,26.03,225300
SYNC,16-Jul-2012,16.65,17.18,14.33,15.45,1584100
SYNL,16-Jul-2012,11.85,12.85,11.8,12.85,2200
SYNT,16-Jul-2012,29.5,29.635,29.305,29.5,91200
SYPR,16-Jul-2012,7.2,7.21,7.11,7.15,106900
SYUT,16-Jul-2012,6.1,6.15,6.03,6.11,74400
TACT,16-Jul-2012,7.6,7.69,7.54,7.68,5200
TAIT,16-Jul-2012,1,1,1,1,0
TASR,16-Jul-2012,5.08,5.22,5.07,5.2,179700
TAST,16-Jul-2012,5.94,5.98,5.83,5.88,157200
TATT,16-Jul-2012,4.37,4.37,4.35,4.35,3800
TAX,16-Jul-2012,13.1,13.75,13.1,13.7,21200
TAYD,16-Jul-2012,9.13,9.13,9.05,9.05,700
TBBK,16-Jul-2012,9.34,9.34,9.14,9.3,46200
TBNK,16-Jul-2012,24.3,24.3,24.05,24.06,63400
TCBI,16-Jul-2012,43.34,43.47,42.41,42.56,326100
TCBK,16-Jul-2012,15.31,15.5,15.31,15.34,6500
TCCO,16-Jul-2012,7.58,7.84,7.54,7.83,400
TCPC,16-Jul-2012,14.51,14.64,14.29,14.29,13700
TCRD,16-Jul-2012,13.61,13.65,13.54,13.6,18600
TCX,16-Jul-2012,4.96,5,4.84,4.88,66800
TEAR,16-Jul-2012,3.49,3.64,3.46,3.63,83800
TECD,16-Jul-2012,46.57,47.16,46.26,46.81,152500
TECH,16-Jul-2012,73.98,75.13,73.32,74.74,69400
TESO,16-Jul-2012,11.73,11.73,11.61,11.65,75800
TESS,16-Jul-2012,22.09,22.17,21.03,21.12,50000
TFSL,16-Jul-2012,9.48,9.52,9.4,9.43,120000
TGA,16-Jul-2012,9,9.02,8.68,8.79,74300
THFF,16-Jul-2012,30.14,30.42,30.02,30.02,3600
THLD,16-Jul-2012,7.82,7.86,7.52,7.57,1058000
THRM,16-Jul-2012,10.8,10.84,10.57,10.72,66100
TICC,16-Jul-2012,9.64,9.71,9.56,9.61,151500
TINY,16-Jul-2012,4.11,4.25,4.02,4.22,93200
TISA,16-Jul-2012,4.4,4.48,4.12,4.38,47800
TITN,16-Jul-2012,31.67,32,31.18,31.28,311900
TIVO,16-Jul-2012,8.04,8.12,7.91,7.93,782300
TLF,16-Jul-2012,5.29,5.3,5.28,5.28,3000
TLT,16-Jul-2012,130.3,130.61,129.61,129.77,5283400
TNAV,16-Jul-2012,6.05,6.12,5.93,6,21600
TNGO,16-Jul-2012,20.37,20.83,19.99,20.68,223000
TOPS,16-Jul-2012,112,112,112,112,2300
TORM,16-Jul-2012,15.07,15.07,14.2,14.43,20200
TOWN,16-Jul-2012,14.56,14.74,14.43,14.7,33100
TQQQ,16-Jul-2012,23.88,24.185,23.55,23.83,1135100
TREE,16-Jul-2012,12.65,12.88,12.53,12.55,29100
TRIB,16-Jul-2012,12.76,12.76,12.36,12.55,88100
TRIP,16-Jul-2012,45.91,46.24,44.44,46.15,1010500
TRMB,16-Jul-2012,22,22.07,21.485,21.5,641300
TRMK,16-Jul-2012,25.71,25.89,25.44,25.67,209800
TRNS,16-Jul-2012,6.37,6.43,6.3,6.43,2300
TROV,16-Jul-2012,3.75,4,3.7,3.8,785600
TROVW,16-Jul-2012,0.5,0.66,0.5,0.5,3800
TROW,16-Jul-2012,62.33,62.53,61.67,61.85,945500
TRS,16-Jul-2012,19.45,19.74,19.27,19.43,82800
TRST,16-Jul-2012,5.74,5.74,5.69,5.71,238800
TSBK,16-Jul-2012,5.04,5.04,5.04,5.04,0
TSCO,16-Jul-2012,40.57,41.125,40.115,40.295,705700
TSEM,16-Jul-2012,9.6,9.6,9,9.3,259900
TSLA,16-Jul-2012,34.32,36,33.9,35.96,1743900
TSRA,16-Jul-2012,14.69,14.69,14.37,14.44,276900
TSRI,16-Jul-2012,4.1,4.1,4.1,4.1,1200
TSRO,16-Jul-2012,13.6,14,13.6,14,36900
TST,16-Jul-2012,1.46,1.48,1.41,1.45,231000
TTEC,16-Jul-2012,16.09,16.32,16.09,16.25,49000
TTEK,16-Jul-2012,27.07,27.51,26.7,27.39,284200
TTGT,16-Jul-2012,5.08,5.08,4.97,5.01,11000
TTMI,16-Jul-2012,9.31,9.37,9.2,9.33,165600
TTWO,16-Jul-2012,8.93,9.08,8.88,9.02,924000
TUES,16-Jul-2012,5.03,5.06,4.93,4.98,170700
TWER,16-Jul-2012,90,90.6,86.6,87.2,446000
TWIN,16-Jul-2012,19.67,20.92,19.4,20.3,95300
TWMC,16-Jul-2012,3.03,3.04,3.03,3.04,700
TXN,16-Jul-2012,26.49,26.72,26.37,26.43,8016100
TXRH,16-Jul-2012,18.14,18.32,18.02,18.12,529000
TYPE,16-Jul-2012,14.25,14.25,13.84,13.88,116800
TZOO,16-Jul-2012,21.28,21.34,20.91,21.1,151000
UBCP,16-Jul-2012,9.27,9.48,9.03,9.2,15200
UBFO,16-Jul-2012,2.53,2.53,2.53,2.53,300
UBNK,16-Jul-2012,14.72,14.72,14.44,14.48,28000
UBNT,16-Jul-2012,13.64,13.71,12.83,12.98,333000
UBOH,16-Jul-2012,9,9,9,9,5200
UBSH,16-Jul-2012,15.2,15.2,14.95,15.15,19000
UBSI,16-Jul-2012,24.04,24.4,23.67,23.91,614500
UCBA,16-Jul-2012,5.87,6.08,5.8,6.08,2900
UCBI,16-Jul-2012,7.97,8.02,7.85,7.99,295500
UCFC,16-Jul-2012,2.68,3,2.68,2.92,39300
UCTT,16-Jul-2012,6.58,6.6,6.43,6.55,59400
UEIC,16-Jul-2012,13.95,13.95,13.57,13.61,49800
UEPS,16-Jul-2012,8.22,8.25,8.12,8.2,29800
UFCS,16-Jul-2012,22.56,22.56,21.54,21.58,58600
UFPI,16-Jul-2012,39.67,40.33,39.06,39.67,75600
UFPT,16-Jul-2012,17.79,17.8,17.17,17.65,11100
UG,16-Jul-2012,17.51,18.12,17.51,18.03,11900
UHAL,16-Jul-2012,94.49,94.67,92.57,93.7,18100
ULBI,16-Jul-2012,3.74,3.76,3.64,3.64,7000
ULTA,16-Jul-2012,92.17,93.91,90.83,91,473200
ULTI,16-Jul-2012,88.3,88.52,87,87.51,69200
UMBF,16-Jul-2012,52.27,52.56,51.49,51.62,194900
UMPQ,16-Jul-2012,13.58,13.69,13.42,13.65,511600
UNAM,16-Jul-2012,9.8,10.42,9.8,10.15,5100
UNB,16-Jul-2012,19.13,19.24,19.01,19.19,2700
UNFI,16-Jul-2012,54.97,55.01,54.1,54.45,189900
UNIS,16-Jul-2012,33.7,34.5,33.2,33.7,154900
UNTY,16-Jul-2012,5.91,6.01,5.91,6.01,300
UNXL,16-Jul-2012,5.97,5.97,5.6,5.65,8600
URBN,16-Jul-2012,29.21,29.65,28.96,29.49,2334300
URRE,16-Jul-2012,72,74.4,69.6,70.8,339400
USAK,16-Jul-2012,4.96,5.26,4.96,5.07,2500
USAP,16-Jul-2012,41.11,41.16,40.1,41.06,20900
USAT,16-Jul-2012,1.4,1.42,1.35,1.4,57700
USATP,16-Jul-2012,16.72,16.72,16.72,16.72,0
USCR,16-Jul-2012,6.18,6.18,6,6.15,6600
USEG,16-Jul-2012,14.46,14.64,14.28,14.58,37400
USLM,16-Jul-2012,50.05,52.46,49.1,52,4700
UTEK,16-Jul-2012,29.73,29.73,29.04,29.18,211900
UTHR,16-Jul-2012,51.54,52.24,51,52.11,579600
UTMD,16-Jul-2012,33.61,33.99,33.61,33.86,12400
UTSI,16-Jul-2012,3.36,3.42,3.3,3.3,118100
UVSP,16-Jul-2012,16.93,17,16.84,16.89,5700
VALU,16-Jul-2012,12.33,12.33,12.1,12.29,9200
VASC,16-Jul-2012,13.2,13.59,13.2,13.41,71300
VBFC,16-Jul-2012,18.24,19.2,17.6,17.6,2400
VCIT,16-Jul-2012,86.45,86.64,86.45,86.53,499800
VCLT,16-Jul-2012,92.51,92.57,92.24,92.24,115600
VCSH,16-Jul-2012,79.67,79.69,79.58,79.63,471800
VDSI,16-Jul-2012,8.05,8.08,7.94,7.95,96700
VECO,16-Jul-2012,34.02,34.1,32.57,32.84,780800
VGIT,16-Jul-2012,66.69,66.75,66.68,66.68,7000
VGLT,16-Jul-2012,80.31,80.4,79.92,79.95,32400
VGSH,16-Jul-2012,60.97,61.08,60.97,61.06,47300
VIA,16-Jul-2012,48.99,49.48,48.75,48.84,11000
VIAB,16-Jul-2012,47.29,47.5,46.8,46.99,2316800
VICL,16-Jul-2012,36.5,36.6,35.4,35.7,380900
VICR,16-Jul-2012,6.83,6.85,6.68,6.82,30300
VIRC,16-Jul-2012,1.62,1.63,1.61,1.61,8800
VISN,16-Jul-2012,12.4,13.2,11.6,12.6,262100
VIVO,16-Jul-2012,19.38,19.48,19.2,19.32,128800
VLGEA,16-Jul-2012,36.1,36.1,35.55,35.98,7500
VMBS,16-Jul-2012,52.85,52.85,52.49,52.6,54500
VNDA,16-Jul-2012,4.47,4.53,4.43,4.48,36200
VNET,16-Jul-2012,11.33,11.33,11.09,11.19,91200
VNQI,16-Jul-2012,48.17,48.27,47.87,48.15,14900
VOD,16-Jul-2012,28.74,28.87,28.65,28.84,7753300
VONE,16-Jul-2012,61.5,61.79,61.5,61.79,3800
VONG,16-Jul-2012,64.43,64.43,64.43,64.43,400
VONV,16-Jul-2012,59.24,59.29,59.08,59.25,2600
VOXX,16-Jul-2012,7.96,8.11,7.83,7.88,152600
VRA,16-Jul-2012,20.87,22.1,20.69,20.78,321300
VRML,16-Jul-2012,2.08,2.16,2,2.04,74400
VRNT,16-Jul-2012,28.92,28.99,28.58,28.75,161800
VRSK,16-Jul-2012,50.47,50.67,49.94,50.01,630300
VRSN,16-Jul-2012,42.95,43.65,42.82,43.25,1332700
VRTB,16-Jul-2012,5.16,5.16,4.76,4.76,3100
VRTS,16-Jul-2012,80.3,82.85,80.3,81.65,8600
VRTU,16-Jul-2012,13.85,13.85,13.35,13.72,62100
VRTX,16-Jul-2012,52.65,53.71,51.56,52.4,2034200
VSAT,16-Jul-2012,39.37,39.64,38.8,39.09,151500
VSEC,16-Jul-2012,11.765,12.5,11.75,12.025,11800
VSTM,16-Jul-2012,10.22,10.7,10.04,10.09,7500
VTHR,16-Jul-2012,61.84,61.84,61.71,61.71,500
VTWG,16-Jul-2012,66.08,66.08,66,66.03,1000
VTWO,16-Jul-2012,63.57,63.61,63.37,63.38,3300
VTWV,16-Jul-2012,61.19,61.19,61.19,61.19,0
VVUS,16-Jul-2012,27.55,29.24,27.1,28.7,8900700
VXUS,16-Jul-2012,41.64,41.8,41.41,41.66,72200
WABC,16-Jul-2012,48.22,48.44,47.25,47.39,94500
WAFD,16-Jul-2012,15.93,16.08,15.82,15.87,306900
WASH,16-Jul-2012,25.45,25.69,25.22,25.28,9200
WAYN,16-Jul-2012,8.5,8.5,8.5,8.5,200
WBKC,16-Jul-2012,16.51,16.51,16.51,16.51,600
WBMD,16-Jul-2012,19.41,19.53,19.1,19.15,187800
WDC,16-Jul-2012,31.38,31.84,31.21,31.62,1989900
WDFC,16-Jul-2012,48.5,48.85,47.47,47.47,97100
WEBK,16-Jul-2012,14.25,14.25,14.25,14.25,4500
WEN,16-Jul-2012,4.74,4.78,4.72,4.75,1212100
WERN,16-Jul-2012,23.83,23.97,23.54,23.8,386300
WETF,16-Jul-2012,7,7.03,6.88,6.98,210800
WEYS,16-Jul-2012,24.04,24.11,23.84,23.88,1900
WFM,16-Jul-2012,47.365,47.56,46.815,46.93,826600
WIFI,16-Jul-2012,10.85,11,10.78,10.92,25200
WILC,16-Jul-2012,4.12,4.3,4.01,4.3,3300
WILN,16-Jul-2012,4.83,4.86,4.75,4.75,1900
WIN,16-Jul-2012,9.86,9.87,9.77,9.85,5679600
WINA,16-Jul-2012,58.92,59.2,58.35,59.02,1000
WIRE,16-Jul-2012,28,28.34,28,28.15,56600
WLB,16-Jul-2012,9.43,9.43,9.02,9.15,20500
WLDN,16-Jul-2012,1.8,1.8,1.71,1.74,8500
WLFC,16-Jul-2012,13.01,13.06,12.7,12.92,9800
WMAR,16-Jul-2012,11.97,12.03,11.65,11.91,17400
WMGI,16-Jul-2012,19.61,19.8,19.24,19.44,383200
WOOD,16-Jul-2012,37.81,37.97,37.81,37.92,2300
WOOF,16-Jul-2012,22.3,22.56,21.27,21.5,1844600
WPCS,16-Jul-2012,117.04,126.28,113.96,113.96,2700
WPPGY,16-Jul-2012,61.59,61.69,61.06,61.64,39100
WPRT,16-Jul-2012,33.89,35.44,33.58,34.85,1059600
WRLD,16-Jul-2012,71.36,72.49,71.16,72.01,106300
WSBC,16-Jul-2012,22.5,22.62,22.2,22.24,20800
WSBF,16-Jul-2012,3.76,3.79,3.56,3.74,2200
WSCI,16-Jul-2012,5.72,5.72,5.64,5.72,3700
WSFS,16-Jul-2012,13.9967,14.2633,13.97,14.25,18600
WSTG,16-Jul-2012,12.26,12.36,12.26,12.31,5700
WSTL,16-Jul-2012,2.28,2.28,2.24,2.24,101900
WTBA,16-Jul-2012,9.78,9.79,9.71,9.74,4200
WTFC,16-Jul-2012,35.53,36.17,35.34,36.09,236500
WTFCW,16-Jul-2012,17.1,17.8,17.1,17.8,300
WVFC,16-Jul-2012,7.95,7.95,7.95,7.95,0
WVVI,16-Jul-2012,3.45,3.45,3.45,3.45,6100
WWD,16-Jul-2012,30.19,34.56,30.16,34.54,2300300
WYNN,16-Jul-2012,96.03,97.7,95.33,96.44,2089100
XBKS,16-Jul-2012,4.1,4.18,4.09,4.18,3500
XLNX,16-Jul-2012,31.3,31.51,30.72,31.37,4160200
XOMA,16-Jul-2012,75,77,73.6,74,411000
XRAY,16-Jul-2012,36.19,36.35,35.71,35.92,981000
XXIA,16-Jul-2012,12.54,12.54,12.18,12.24,310000
YHOO,16-Jul-2012,15.69,15.8,15.6,15.65,14982800
YNDX,16-Jul-2012,18.44,18.63,17.73,17.84,1035000
YOD,16-Jul-2012,5,5,5,5,0
YORW,16-Jul-2012,18.1,18.14,18.04,18.1,31500
YRCW,16-Jul-2012,6.6,6.66,5.96,6.19,138100
Z,16-Jul-2012,41.23,42.45,41.23,41.86,603000
ZAGG,16-Jul-2012,10.44,10.74,10.26,10.4,225900
ZBRA,16-Jul-2012,33.6,34.23,33.54,33.94,97600
ZEUS,16-Jul-2012,16.37,16.54,16.11,16.11,35400
ZGNX,16-Jul-2012,19.76,20.8,18.4,18.88,671000
ZION,16-Jul-2012,18.98,19.28,18.9,19.05,1507800
ZIONW,16-Jul-2012,2.8,2.8,2.8,2.8,0
ZIOP,16-Jul-2012,6.03,6.05,5.94,6.01,312400
ZIXI,16-Jul-2012,2.59,2.61,2.55,2.56,69600
ZLTQ,16-Jul-2012,4.93,4.94,4.75,4.9,32400
ZN,16-Jul-2012,1.82,1.82,1.77,1.8,59400
ZNGA,16-Jul-2012,4.89,4.95,4.8,4.83,7171900
ZUMZ,16-Jul-2012,34.7,34.89,33.99,34.11,465100
